Brand,Slug,Source,# Levers,Banner,Free Ship Threshold ($),Subscribe & Save %,Sale Collection,Sale Coll Count,Sale Coll Avg Discount %,Catalog Scan: On Sale,Catalog Scan: Scanned,Catalog Scan: Avg %,Catalog Scan: Max %,Levers (joined),Scraped At
100 Percent Pure,100-percent-pure,live,1,,,,,,,107,250,39,86,"Currently 107 products on sale (43% of recent inventory) — average discount 39% off list, up to 86% off. If this SKU has compare_at_price set, the markdown is already applied.",2026-05-08
2020AVE,2020ave,live,2,Free Shipping on Orders $99 and up,99,,,,,3,250,19,24,"Free shipping on orders $99+ (current store policy) || Currently 3 products on sale (1% of recent inventory) — average discount 19% off list, up to 24% off. If this SKU has compare_at_price set, the markdown is already applied.",2026-05-08
24Hundred,24hundred,live,1,,,,sale,20,39,11,250,43,60,"Currently 39% off across 20 products in our 'sale' collection — if this SKU is in that collection, the discount is already applied",2026-05-08
2Modern,2modern,live,1,Join Our Trade Program Free shipping on orders over $50*,50,,,,,,,,,Free shipping on orders $50+ (current store policy),2026-05-08
3DM Lifestyle,3dm-lifestyle,live,0,,,,,,,,,,,,2026-05-08
420 Science,420-science,live,2,FREE SHIPPING on ORDERS $50+,50,,clearance,50,40,27,250,25,70,"Free shipping on orders $50+ (current store policy) || Currently 40% off across 50 products in our 'clearance' collection — if this SKU is in that collection, the discount is already applied",2026-05-08
47 Brand,47-brand,live,2,NCAA Collections Shop All NCAA Best Sellers College Football Playoffs,,,sale,50,46,4,250,45,50,"Currently 46% off across 50 products in our 'sale' collection — if this SKU is in that collection, the discount is already applied || Current site-wide promotion: ""NCAA Collections Shop All NCAA Best Sellers College Football Playoffs""",2026-05-08
80s Tees,80s-tees,live,0,,,,,,,,,,,,2026-05-08
Affliction,affliction,live,1,,,,sale,9,40,,,,,"Currently 40% off across 9 products in our 'sale' collection — if this SKU is in that collection, the discount is already applied",2026-05-08
Afloral,afloral,live,2,15% off,,,,,,39,250,35,82,"Currently 39 products on sale (16% of recent inventory) — average discount 35% off list, up to 82% off. If this SKU has compare_at_price set, the markdown is already applied. || Current site-wide promotion: ""15% off""",2026-05-08
Al-Rugaib Furniture,al-rugaib-furniture,live,1,Ending Soon,,,clearance,50,49,170,250,32,80,"Currently 49% off across 50 products in our 'clearance' collection — if this SKU is in that collection, the discount is already applied",2026-05-08
Allbirds,allbirds,live,2,25% off sale items,,,sale-mens,50,43,211,250,51,75,"Currently 43% off across 50 products in our 'sale-mens' collection — if this SKU is in that collection, the discount is already applied || Current site-wide promotion: ""25% off sale items""",2026-05-08
Alpha Accessories,alpha-accessories,live,1,80% off,,,,,,,,,,"Current site-wide promotion: ""80% off""",2026-05-08
Alphalete,alphalete,live,1,,,,,,,138,250,67,80,"Currently 138 products on sale (55% of recent inventory) — average discount 67% off list, up to 80% off. If this SKU has compare_at_price set, the markdown is already applied.",2026-05-08
American Girl,american-girl,live,2,Free shipping on all orders $175+ Shop now,175,,,,,13,250,51,60,"Free shipping on orders $175+ (current store policy) || Currently 13 products on sale (5% of recent inventory) — average discount 51% off list, up to 60% off. If this SKU has compare_at_price set, the markdown is already applied.",2026-05-08
Angelus Direct,angelus-direct,live,1,,,,,,,25,250,19,83,"Currently 25 products on sale (10% of recent inventory) — average discount 19% off list, up to 83% off. If this SKU has compare_at_price set, the markdown is already applied.",2026-05-08
Anson Belt,anson-belt,live,1,,,,,,,37,250,34,57,"Currently 37 products on sale (15% of recent inventory) — average discount 34% off list, up to 57% off. If this SKU has compare_at_price set, the markdown is already applied.",2026-05-08
Antsy Labs,antsy-labs,live,2,""" class=""promo-block-mosaic--background"" style="" object-fit:cover;object-position:50.0% 50.0%; "" >",,,,,,29,62,15,29,"Currently 29 products on sale (47% of recent inventory) — average discount 15% off list, up to 29% off. If this SKU has compare_at_price set, the markdown is already applied. || Current site-wide promotion: """" class=""promo-block-mosaic--background"" style="" object-fit:cover;object-position:50.0% 50.0%; "" >""",2026-05-08
Arctic Fox,arctic-fox,live,2,Free shipping on orders over $45,45,,sale,1,15,2,98,15,15,"Free shipping on orders $45+ (current store policy) || Currently 15% off across 1 products in our 'sale' collection — if this SKU is in that collection, the discount is already applied",2026-05-08
Arda Wigs,arda-wigs,live,1,,,,,,,102,230,27,57,"Currently 102 products on sale (44% of recent inventory) — average discount 27% off list, up to 57% off. If this SKU has compare_at_price set, the markdown is already applied.",2026-05-08
Art Naturals,art-naturals,live,1,,,,,,,1,96,15,15,"Currently 1 products on sale (1% of recent inventory) — average discount 15% off list, up to 15% off. If this SKU has compare_at_price set, the markdown is already applied.",2026-05-08
Asmaraku,asmaraku,live,1,,,,promo,50,19,73,250,19,70,"Currently 19% off across 50 products in our 'promo' collection — if this SKU is in that collection, the discount is already applied",2026-05-08
Atacado,atacado,live,1,,,,,,,250,250,50,60,"Currently 250 products on sale (100% of recent inventory) — average discount 50% off list, up to 60% off. If this SKU has compare_at_price set, the markdown is already applied.",2026-05-08
Aurum Brothers,aurum-brothers,live,1,,,,,,,18,250,14,16,"Currently 18 products on sale (7% of recent inventory) — average discount 14% off list, up to 16% off. If this SKU has compare_at_price set, the markdown is already applied.",2026-05-08
Aviator Nation,aviator-nation,live,0,,,,,,,,,,,,2026-05-08
BaboCush,babocush,live,0,,,,,,,,,,,,2026-05-08
Bajaao,bajaao,live,2,"Spend Rs. 1,000 more to reach free shipping!",,,sale,50,16,152,250,22,91,"Free shipping (per current site banner: 'Spend Rs. 1,000 more to reach free shipping!') || Currently 16% off across 50 products in our 'sale' collection — if this SKU is in that collection, the discount is already applied",2026-05-08
Ban.do,ban-do,live,2,IT'S TIME FOR A GETAWAY! TAKE UP TO 40% OFF TRAVEL AND OUTDOOR STUFF,,,sale,50,43,85,250,16,60,"Currently 43% off across 50 products in our 'sale' collection — if this SKU is in that collection, the discount is already applied || Current site-wide promotion: ""IT'S TIME FOR A GETAWAY! TAKE UP TO 40% OFF TRAVEL AND OUTDOOR STUFF""",2026-05-08
BaronFig,baronfig,live,1,,,,,,,2,45,43,65,"Currently 2 products on sale (4% of recent inventory) — average discount 43% off list, up to 65% off. If this SKU has compare_at_price set, the markdown is already applied.",2026-05-08
BASEQI,baseqi,live,1,,,,,,,16,42,31,50,"Currently 16 products on sale (38% of recent inventory) — average discount 31% off list, up to 50% off. If this SKU has compare_at_price set, the markdown is already applied.",2026-05-08
Battle Beaver,battle-beaver,live,1,,,,,,,136,250,12,90,"Currently 136 products on sale (54% of recent inventory) — average discount 12% off list, up to 90% off. If this SKU has compare_at_price set, the markdown is already applied.",2026-05-08
Beardbrand,beardbrand,live,2,30% Off Cologne Sets,,,,,,16,71,28,35,"Currently 16 products on sale (23% of recent inventory) — average discount 28% off list, up to 35% off. If this SKU has compare_at_price set, the markdown is already applied. || Current site-wide promotion: ""30% Off Cologne Sets""",2026-05-08
Beauty Bakerie,beauty-bakerie,live,2,50% Off Sitewide,,,sale,25,37,14,95,34,58,"Currently 37% off across 25 products in our 'sale' collection — if this SKU is in that collection, the discount is already applied || Current site-wide promotion: ""50% Off Sitewide""",2026-05-08
Bee Inspired Clothing,bee-inspired-clothing,live,1,,,,outlet,50,61,3,250,47,80,"Currently 61% off across 50 products in our 'outlet' collection — if this SKU is in that collection, the discount is already applied",2026-05-08
BELLAMI Hair,bellami-hair,live,1,,,,,,,3,250,20,40,"Currently 3 products on sale (1% of recent inventory) — average discount 20% off list, up to 40% off. If this SKU has compare_at_price set, the markdown is already applied.",2026-05-08
Best Choice Products,best-choice-products,live,2,Fast & Free Shipping + Returns,,,clearance,50,48,250,250,45,71,"Free shipping (per current site banner: 'Fast & Free Shipping + Returns') || Currently 48% off across 50 products in our 'clearance' collection — if this SKU is in that collection, the discount is already applied",2026-05-08
BestSelf Co,bestself-co,live,1,,,,sale,7,22,68,154,21,70,"Currently 22% off across 7 products in our 'sale' collection — if this SKU is in that collection, the discount is already applied",2026-05-08
Better Chinese,better-chinese,live,1,,,,,,,80,212,25,95,"Currently 80 products on sale (38% of recent inventory) — average discount 25% off list, up to 95% off. If this SKU has compare_at_price set, the markdown is already applied.",2026-05-08
Bianca Chandon,bianca-chandon,live,0,,,,,,,,,,,,2026-05-08
Black Rifle Coffee Company,black-rifle-coffee-company,live,1,Free Shipping on orders over $75,75,,,,,,,,,Free shipping on orders $75+ (current store policy),2026-05-08
Black Tailor,black-tailor,live,0,"{ $el.setAttribute('aria-modal', 'true') }, 120)"" @promo-is-closed.window=""setTimeout(() => { $el.removeAttribute('aria-modal') }, 120)"" :aria-label=""getModalLabel('promo', $el)"" tabindex=""-1"" >",,,,,,,,,,,2026-05-08
BlackboxMyCar,blackboxmycar,live,2,""" class=""promo-block--background"" style="" object-fit:cover;object-position:50.0% 50.0%; "" >",,,,,,77,115,20,57,"Currently 77 products on sale (67% of recent inventory) — average discount 20% off list, up to 57% off. If this SKU has compare_at_price set, the markdown is already applied. || Current site-wide promotion: """" class=""promo-block--background"" style="" object-fit:cover;object-position:50.0% 50.0%; "" >""",2026-05-08
Blackstone Labs,blackstone-labs,live,1,,,,,,,41,92,16,38,"Currently 41 products on sale (45% of recent inventory) — average discount 16% off list, up to 38% off. If this SKU has compare_at_price set, the markdown is already applied.",2026-05-08
Blender Bottle,blender-bottle,live,1,,,,sale,6,17,5,59,17,20,"Currently 17% off across 6 products in our 'sale' collection — if this SKU is in that collection, the discount is already applied",2026-05-08
Bluebella,bluebella,live,2,Free Delivery over £60,60,,sale,50,53,26,250,50,75,"Free shipping on orders $60+ (current store policy) || Currently 53% off across 50 products in our 'sale' collection — if this SKU is in that collection, the discount is already applied",2026-05-08
Bluemercury,bluemercury,live,2,25% OFF M-61 and Lune+Aster Shop Now,,,sale,36,33,6,250,27,50,"Currently 33% off across 36 products in our 'sale' collection — if this SKU is in that collection, the discount is already applied || Current site-wide promotion: ""25% OFF M-61 and Lune+Aster Shop Now""",2026-05-08
BluMaan,blumaan,live,2,Free shipping on orders over $50,50,,,,,12,22,13,20,"Free shipping on orders $50+ (current store policy) || Currently 12 products on sale (55% of recent inventory) — average discount 13% off list, up to 20% off. If this SKU has compare_at_price set, the markdown is already applied.",2026-05-08
Board Game Bliss,board-game-bliss,live,2,First Time Customer Promotion Enjoy $10 Off Orders Over $200,,,,,,36,250,13,75,"Currently 36 products on sale (14% of recent inventory) — average discount 13% off list, up to 75% off. If this SKU has compare_at_price set, the markdown is already applied. || Current site-wide promotion: ""First Time Customer Promotion Enjoy $10 Off Orders Over $200""",2026-05-08
BoardGameGeek Store,boardgamegeek-store,live,2,Pause slideshow Play slideshow The official store for BoardGameGeek,,,clearance,50,35,5,250,58,75,"Currently 35% off across 50 products in our 'clearance' collection — if this SKU is in that collection, the discount is already applied || Current site-wide promotion: ""Pause slideshow Play slideshow The official store for BoardGameGeek""",2026-05-08
Bodega,bodega,live,1,,,,sale,38,22,4,250,28,54,"Currently 22% off across 38 products in our 'sale' collection — if this SKU is in that collection, the discount is already applied",2026-05-08
Body Candy,body-candy,live,2,"Buy body jewelry online. Belly button rings, belly rings, wholesale body jewelry, body piercing jewelry, piercing jewelry, navel rings, tongue rings",,,sale,50,93,249,250,39,83,"Currently 93% off across 50 products in our 'sale' collection — if this SKU is in that collection, the discount is already applied || Current site-wide promotion: ""Buy body jewelry online. Belly button rings, belly rings, wholesale body jewelry, body piercing jewelry, piercing jewelry, navel rings, tongue rings""",2026-05-08
Bohme,bohme,live,2,"strong]:font-[600] [&>a]:underline"" > Free Shipping on Orders $100+",100,,clearance,50,37,1,250,35,35,"Free shipping on orders $100+ (current store policy) || Currently 37% off across 50 products in our 'clearance' collection — if this SKU is in that collection, the discount is already applied",2026-05-08
Boll & Branch,boll-branch,live,2,Free Shipping on U.S. orders of $100+ with Complimentary Returns,100,,sale,50,22,4,250,15,15,"Free shipping on orders $100+ (current store policy) || Currently 22% off across 50 products in our 'sale' collection — if this SKU is in that collection, the discount is already applied",2026-05-08
Bombas,bombas,manual_override,4,Free shipping on orders over $35,35,10,,,,,,,,"Free shipping on orders $35+ (current store policy) || Subscribe & Save 10% off — recurring orders only (this is the published Subscribe & Save rate) || Bombas's Buy One, Give One — every item purchased donates an item to those experiencing homelessness || 100-day Happiness Guarantee — free returns within 100 days of delivery",2026-05-08
Bombshell Sportswear,bombshell-sportswear,live,2,Free Shipping Over $150,150,,sale,50,40,,,,,"Free shipping on orders $150+ (current store policy) || Currently 40% off across 50 products in our 'sale' collection — if this SKU is in that collection, the discount is already applied",2026-05-08
Bon Organik,bon-organik,live,1,,,,,,,38,250,67,77,"Currently 38 products on sale (15% of recent inventory) — average discount 67% off list, up to 77% off. If this SKU has compare_at_price set, the markdown is already applied.",2026-05-08
BOOM by Cindy Joseph,boom-by-cindy-joseph,live,1,,,,,,,9,52,9,18,"Currently 9 products on sale (17% of recent inventory) — average discount 9% off list, up to 18% off. If this SKU has compare_at_price set, the markdown is already applied.",2026-05-08
Boutique 1861,boutique-1861,live,1,Free shipping,,,,,,,,,,Free shipping (per current site banner: 'Free shipping'),2026-05-08
Boys Don't Cry / Bdga,boys-don-t-cry-bdga,live,1,,,,sale,38,22,4,250,28,54,"Currently 22% off across 38 products in our 'sale' collection — if this SKU is in that collection, the discount is already applied",2026-05-08
Brands Popper,brands-popper,live,2,Free shipping,,,sale,50,50,249,250,51,74,"Free shipping (per current site banner: 'Free shipping') || Currently 50% off across 50 products in our 'sale' collection — if this SKU is in that collection, the discount is already applied",2026-05-08
BrandsEgo,brandsego,live,2,50% OFF,,,sale,50,60,216,250,56,75,"Currently 60% off across 50 products in our 'sale' collection — if this SKU is in that collection, the discount is already applied || Current site-wide promotion: ""50% OFF""",2026-05-08
Brooklinen,brooklinen,live,2,Up to 75% Off End of Season Sale. Up to 75% Off End of Season Sale. Stock up for a bedroom refresh before these fan-faves are gone.,,,last-call,50,42,66,250,38,75,"Currently 42% off across 50 products in our 'last-call' collection — if this SKU is in that collection, the discount is already applied || Current site-wide promotion: ""Up to 75% Off End of Season Sale. Up to 75% Off End of Season Sale. Stock up for a bedroom refresh before these fan-faves are gone.""",2026-05-08
Budovideos,budovideos,live,1,,,,,,,69,250,34,66,"Currently 69 products on sale (28% of recent inventory) — average discount 34% off list, up to 66% off. If this SKU has compare_at_price set, the markdown is already applied.",2026-05-08
Bulletproof,bulletproof,live,2,Stock up on coffee! BOGO 50% off coffee—no code needed. Claim 50% Off,,,,,,1,139,30,30,"Currently 1 products on sale (1% of recent inventory) — average discount 30% off list, up to 30% off. If this SKU has compare_at_price set, the markdown is already applied. || Current site-wide promotion: ""Stock up on coffee! BOGO 50% off coffee—no code needed. Claim 50% Off""",2026-05-08
Butik Bira,butik-bira,live,1,,,,,,,10,250,23,73,"Currently 10 products on sale (4% of recent inventory) — average discount 23% off list, up to 73% off. If this SKU has compare_at_price set, the markdown is already applied.",2026-05-08
BUYKUD,buykud,live,2,25% OFF SITEWIDE USE CODE,,,clearance,38,24,249,250,14,45,"Currently 24% off across 38 products in our 'clearance' collection — if this SKU is in that collection, the discount is already applied || Current site-wide promotion: ""25% OFF SITEWIDE USE CODE""",2026-05-08
BuyMobile Australia,buymobile-australia,live,1,,,,,,,1,250,9,9,"Currently 1 products on sale (0% of recent inventory) — average discount 9% off list, up to 9% off. If this SKU has compare_at_price set, the markdown is already applied.",2026-05-08
CAME-TV,came-tv,live,1,,,,,,,231,250,33,67,"Currently 231 products on sale (92% of recent inventory) — average discount 33% off list, up to 67% off. If this SKU has compare_at_price set, the markdown is already applied.",2026-05-08
Camera Ready Cosmetics,camera-ready-cosmetics,live,2,Free Priority International shipping orders $500+ / Canada $250+,500,,,,,31,250,35,53,"Free shipping on orders $500+ (current store policy) || Currently 31 products on sale (12% of recent inventory) — average discount 35% off list, up to 53% off. If this SKU has compare_at_price set, the markdown is already applied.",2026-05-08
Carbon Coco,carbon-coco,live,2,20% OFF,,,,,,12,12,69,80,"Currently 12 products on sale (100% of recent inventory) — average discount 69% off list, up to 80% off. If this SKU has compare_at_price set, the markdown is already applied. || Current site-wide promotion: ""20% OFF""",2026-05-08
Casa do Codigo,casa-do-codigo,live,1,,,,,,,8,250,20,25,"Currently 8 products on sale (3% of recent inventory) — average discount 20% off list, up to 25% off. If this SKU has compare_at_price set, the markdown is already applied.",2026-05-08
Case-Mate,case-mate,live,2,Wholesale Bulk Buys,,,,,,34,250,18,66,"Currently 34 products on sale (14% of recent inventory) — average discount 18% off list, up to 66% off. If this SKU has compare_at_price set, the markdown is already applied. || Current site-wide promotion: ""Wholesale Bulk Buys""",2026-05-08
Cellucor,cellucor,live,1,,,,,,,5,108,25,33,"Currently 5 products on sale (5% of recent inventory) — average discount 25% off list, up to 33% off. If this SKU has compare_at_price set, the markdown is already applied.",2026-05-08
CheapUndies,cheapundies,live,1,,,,,,,158,250,77,90,"Currently 158 products on sale (63% of recent inventory) — average discount 77% off list, up to 90% off. If this SKU has compare_at_price set, the markdown is already applied.",2026-05-08
Chicago Music Exchange,chicago-music-exchange,live,2,Order $99+ and Score Free Shipping!* Sign up for our SMS list and receive $20 OFF!* Visit Our Showroom Today! » Any Questions? Call (773) 525-7773 or Chat Today! Download The CME App Today!,99,,final-sale,50,30,8,250,16,44,"Free shipping on orders $99+ (current store policy) || Currently 30% off across 50 products in our 'final-sale' collection — if this SKU is in that collection, the discount is already applied",2026-05-08
Chubbies,chubbies,live,2,free shipping,,,clearance,50,51,25,250,30,50,"Free shipping (per current site banner: 'free shipping') || Currently 51% off across 50 products in our 'clearance' collection — if this SKU is in that collection, the discount is already applied",2026-05-08
CitieSocial,citiesocial,live,1,,,,,,,241,250,46,96,"Currently 241 products on sale (96% of recent inventory) — average discount 46% off list, up to 96% off. If this SKU has compare_at_price set, the markdown is already applied.",2026-05-08
Classic Shaving,classic-shaving,live,2,AFRICAN MUSK SHAVING CREAM $19.99 Save 43%,,,clearance,7,25,87,250,40,84,"Currently 25% off across 7 products in our 'clearance' collection — if this SKU is in that collection, the discount is already applied || Current site-wide promotion: ""AFRICAN MUSK SHAVING CREAM $19.99 Save 43%""",2026-05-08
Click and Grow,click-and-grow,live,1,20% OFF APPLIED IN CART,,,,,,,,,,"Current site-wide promotion: ""20% OFF APPLIED IN CART""",2026-05-08
ColourPop,colourpop,live,2,Free U.S. shipping on orders over $35 Free international shipping on orders over $60 USD,35,,sale,50,31,71,250,30,71,"Free shipping on orders $35+ (current store policy) || Currently 31% off across 50 products in our 'sale' collection — if this SKU is in that collection, the discount is already applied",2026-05-08
Concepts,concepts,live,1,,,,final-sale,50,33,24,250,41,60,"Currently 33% off across 50 products in our 'final-sale' collection — if this SKU is in that collection, the discount is already applied",2026-05-08
CoreMelt,coremelt,live,1,,,,,,,207,250,34,34,"Currently 207 products on sale (83% of recent inventory) — average discount 34% off list, up to 34% off. If this SKU has compare_at_price set, the markdown is already applied.",2026-05-08
Cotopaxi,cotopaxi,live,2,HOLIDAY GIFT WITH PURCHASE It’s not too late to save on gifts for the holidays. Get free gifts when you spend $100 or more.,,,sale,50,41,172,250,43,60,"Currently 41% off across 50 products in our 'sale' collection — if this SKU is in that collection, the discount is already applied || Current site-wide promotion: ""HOLIDAY GIFT WITH PURCHASE It’s not too late to save on gifts for the holidays. Get free gifts when you spend $100 or more.""",2026-05-08
CraftOnline,craftonline,live,1,Browse Free Patterns,,,sale,50,38,32,250,17,44,"Currently 38% off across 50 products in our 'sale' collection — if this SKU is in that collection, the discount is already applied",2026-05-08
Crane and Canopy,crane-and-canopy,live,0,,,,,,,,,,,,2026-05-08
Creative Booster,creative-booster,live,0,,,,,,,,,,,,2026-05-08
Culture Kings,culture-kings,live,1,,,,all-sale,50,27,,,,,"Currently 27% off across 50 products in our 'all-sale' collection — if this SKU is in that collection, the discount is already applied",2026-05-08
Cupshe,cupshe,live,3,15% Off or Free Shipping on 1st App Order,,,,,,128,250,31,60,"Free shipping (per current site banner: '15% Off or Free Shipping on 1st App Order') || Currently 128 products on sale (51% of recent inventory) — average discount 31% off list, up to 60% off. If this SKU has compare_at_price set, the markdown is already applied. || Current site-wide promotion: ""15% Off or Free Shipping on 1st App Order""",2026-05-08
Cécred,cécred,live,2,Free Shipping on US $50+ Orders,50,,,,,5,76,7,9,"Free shipping on orders $50+ (current store policy) || Currently 5 products on sale (7% of recent inventory) — average discount 7% off list, up to 9% off. If this SKU has compare_at_price set, the markdown is already applied.",2026-05-08
Dagne Dover,dagne-dover,live,1,,,,sale,37,30,9,250,32,43,"Currently 30% off across 37 products in our 'sale' collection — if this SKU is in that collection, the discount is already applied",2026-05-08
Daniel Wellington,daniel-wellington,live,1,Free premium gift box,,,,,,64,250,20,20,"Currently 64 products on sale (26% of recent inventory) — average discount 20% off list, up to 20% off. If this SKU has compare_at_price set, the markdown is already applied.",2026-05-08
Darn Good Yarn,darn-good-yarn,live,1,Pause slideshow Play slideshow 💜 Zaria Wrap Dress $59 with ZARIA59 — Mother's Day Week →,,,,,,36,250,45,70,"Currently 36 products on sale (14% of recent inventory) — average discount 45% off list, up to 70% off. If this SKU has compare_at_price set, the markdown is already applied.",2026-05-08
Day Designer,day-designer,live,2,Search our store search Search Get 15% off for signing up for Email + SMS,,,sale,30,66,33,173,64,75,"Currently 66% off across 30 products in our 'sale' collection — if this SKU is in that collection, the discount is already applied || Current site-wide promotion: ""Search our store search Search Get 15% off for signing up for Email + SMS""",2026-05-08
DB Journey,db-journey,live,2,"10% off your first purchase as a Db Black Member FREE SHIPPING FOR DB BLACK MEMBERS FREE RETURNS FOR DB BLACK MEMBERS EXTENDED WARRANTY FOR DB BLACK MEMBERS BUY NOW, PAY LATER WITH KLARNA",,,,,,,,,,"Free shipping (per current site banner: '10% off your first purchase as a Db Black Member FREE SHIPPING FOR DB BLACK MEMBERS FREE RETURNS FOR DB BLACK MEMBERS EXTENDED WARRANTY FOR DB BLACK MEMBERS BUY NOW, PAY LATER WITH KLARNA') || Current site-wide promotion: ""10% off your first purchase as a Db Black Member FREE SHIPPING FOR DB BLACK MEMBERS FREE RETURNS FOR DB BLACK MEMBERS EXTENDED WARRANTY FOR DB BLACK MEMBERS BUY NOW, PAY LATER WITH KLARNA""",2026-05-08
DDP Yoga,ddp-yoga,live,1,,,,clearance,6,42,13,196,31,64,"Currently 42% off across 6 products in our 'clearance' collection — if this SKU is in that collection, the discount is already applied",2026-05-08
Deadstock,deadstock,live,1,,,,sale,50,42,68,250,40,65,"Currently 42% off across 50 products in our 'sale' collection — if this SKU is in that collection, the discount is already applied",2026-05-08
Death Wish Coffee,death-wish-coffee,live,2,BUILD YOUR OWN COFFEE BUNDLE AND SAVE UP TO 15% OFF,,,sale,16,34,18,131,32,60,"Currently 34% off across 16 products in our 'sale' collection — if this SKU is in that collection, the discount is already applied || Current site-wide promotion: ""BUILD YOUR OWN COFFEE BUNDLE AND SAVE UP TO 15% OFF""",2026-05-08
Decathlon,decathlon,live,2,Free Shipping Over $49,49,,deals,45,33,34,250,34,70,"Free shipping on orders $49+ (current store policy) || Currently 33% off across 45 products in our 'deals' collection — if this SKU is in that collection, the discount is already applied",2026-05-08
Deering Banjos,deering-banjos,live,1,,,,,,,73,250,18,72,"Currently 73 products on sale (29% of recent inventory) — average discount 18% off list, up to 72% off. If this SKU has compare_at_price set, the markdown is already applied.",2026-05-08
Deny Designs,deny-designs,live,1,Free Shipping,,,,,,,,,,Free shipping (per current site banner: 'Free Shipping'),2026-05-08
Despair,despair,live,1,,,,,,,6,250,30,50,"Currently 6 products on sale (2% of recent inventory) — average discount 30% off list, up to 50% off. If this SKU has compare_at_price set, the markdown is already applied.",2026-05-08
Dip Your Car,dip-your-car,live,2,📦 Free Shipping On Orders Over $150,150,,,,,1,250,10,10,"Free shipping on orders $150+ (current store policy) || Currently 1 products on sale (0% of recent inventory) — average discount 10% off list, up to 10% off. If this SKU has compare_at_price set, the markdown is already applied.",2026-05-08
Dose of Colors,dose-of-colors,live,2,Free shipping on us orders over $70 - Intl. duties & exclusions do not apply,70,,sale,34,51,17,50,40,75,"Free shipping on orders $70+ (current store policy) || Currently 51% off across 34 products in our 'sale' collection — if this SKU is in that collection, the discount is already applied",2026-05-08
Dr.Dabber,dr-dabber,live,2,Free shipping over $150,150,,clearance,6,61,11,63,43,75,"Free shipping on orders $150+ (current store policy) || Currently 61% off across 6 products in our 'clearance' collection — if this SKU is in that collection, the discount is already applied",2026-05-08
Dr. Squatch,dr-squatch,live,2,Save 25,,,,,,10,250,37,56,"Currently 10 products on sale (4% of recent inventory) — average discount 37% off list, up to 56% off. If this SKU has compare_at_price set, the markdown is already applied. || Current site-wide promotion: ""Save 25""",2026-05-08
Drop Dead,drop-dead,live,2,FREE SHIPPING ON ALL ORDERS OVER £200,200,,sale,35,38,36,107,38,63,"Free shipping on orders $200+ (current store policy) || Currently 38% off across 35 products in our 'sale' collection — if this SKU is in that collection, the discount is already applied",2026-05-08
Ebarza,ebarza,live,1,,,,,,,28,250,36,56,"Currently 28 products on sale (11% of recent inventory) — average discount 36% off list, up to 56% off. If this SKU has compare_at_price set, the markdown is already applied.",2026-05-08
Edens Garden,edens-garden,live,2,40% Off All Ultrasonic Diffusers,,,,,,23,250,16,40,"Currently 23 products on sale (9% of recent inventory) — average discount 16% off list, up to 40% off. If this SKU has compare_at_price set, the markdown is already applied. || Current site-wide promotion: ""40% Off All Ultrasonic Diffusers""",2026-05-08
eJuices Co,ejuices-co,live,1,"The world's largest selection of premium wholesale vape disposables, coils, vape juice, pod kits and other vape products at distro prices. Your one st",,,,,,,,,,"Current site-wide promotion: ""The world's largest selection of premium wholesale vape disposables, coils, vape juice, pod kits and other vape products at distro prices. Your one st""",2026-05-08
Elder Statesman,elder-statesman,live,0,,,,,,,,,,,,2026-05-08
Elemental Knives,elemental-knives,live,1,,,,,,,8,70,40,75,"Currently 8 products on sale (11% of recent inventory) — average discount 40% off list, up to 75% off. If this SKU has compare_at_price set, the markdown is already applied.",2026-05-08
eLiquid,eliquid,live,1,🚨 Disposable Vapes Under $10 🚨 Click Here,,,clearance,1,20,1,250,31,31,"Currently 20% off across 1 products in our 'clearance' collection — if this SKU is in that collection, the discount is already applied",2026-05-08
Elwood Clothing,elwood-clothing,live,2,Free Shipping,,,,,,15,177,15,19,"Free shipping (per current site banner: 'Free Shipping') || Currently 15 products on sale (8% of recent inventory) — average discount 15% off list, up to 19% off. If this SKU has compare_at_price set, the markdown is already applied.",2026-05-08
Emily McDowell,emily-mcdowell,live,1,25% OFF,,,,,,,,,,"Current site-wide promotion: ""25% OFF""",2026-05-08
Emma Bridgewater,emma-bridgewater,live,2,Buy Two 1/2 Pt Mugs - Save 15%,,,outlet,50,55,2,250,25,30,"Currently 55% off across 50 products in our 'outlet' collection — if this SKU is in that collection, the discount is already applied || Current site-wide promotion: ""Buy Two 1/2 Pt Mugs - Save 15%""",2026-05-08
Emoji Island,emoji-island,live,1,,,,,,,1,250,65,65,"Currently 1 products on sale (0% of recent inventory) — average discount 65% off list, up to 65% off. If this SKU has compare_at_price set, the markdown is already applied.",2026-05-08
Essence Makeup,essence-makeup,live,1,,,,sale,22,42,26,200,38,54,"Currently 42% off across 22 products in our 'sale' collection — if this SKU is in that collection, the discount is already applied",2026-05-08
Evannex,evannex,live,2,Free Shipping on orders above $100 in the contiguous 48. Exclusions apply.,100,,clearance,50,45,43,250,17,54,"Free shipping on orders $100+ (current store policy) || Currently 45% off across 50 products in our 'clearance' collection — if this SKU is in that collection, the discount is already applied",2026-05-08
Export Leftovers,export-leftovers,live,2,up to 60% off,,,clearance,50,52,26,250,39,62,"Currently 52% off across 50 products in our 'clearance' collection — if this SKU is in that collection, the discount is already applied || Current site-wide promotion: ""up to 60% off""",2026-05-08
Extra Butter,extra-butter,live,1,SHIPPING DELAYS DUE TO HIGH VOLUME VIEW INFO,,,sale,50,34,2,250,50,50,"Currently 34% off across 50 products in our 'sale' collection — if this SKU is in that collection, the discount is already applied",2026-05-08
Fangamer,fangamer,live,1,,,,,,,2,250,51,51,"Currently 2 products on sale (1% of recent inventory) — average discount 51% off list, up to 51% off. If this SKU has compare_at_price set, the markdown is already applied.",2026-05-08
Fanjoy,fanjoy,live,1,,,,sale,31,30,62,250,30,88,"Currently 30% off across 31 products in our 'sale' collection — if this SKU is in that collection, the discount is already applied",2026-05-08
FasciaBlaster,fasciablaster,live,1,,,,,,,68,178,43,87,"Currently 68 products on sale (38% of recent inventory) — average discount 43% off list, up to 87% off. If this SKU has compare_at_price set, the markdown is already applied.",2026-05-08
Fashion Nova,fashion-nova,live,2,70% OFF,,,sale,50,82,250,250,31,67,"Currently 82% off across 50 products in our 'sale' collection — if this SKU is in that collection, the discount is already applied || Current site-wide promotion: ""70% OFF""",2026-05-08
Fayettechill,fayettechill,live,1,,,,sale,50,60,87,212,61,75,"Currently 60% off across 50 products in our 'sale' collection — if this SKU is in that collection, the discount is already applied",2026-05-08
FCPEffects,fcpeffects,live,1,BUY MORE. SAVE MORE. ALL 80+ PLUGINS FOR JUST $80 OR 2 FOR 1 PLUGINS SITEWIDE Discounts are automatically applied to your cart. Love our plugins or get a full refund.,,,,,,,,,,"Current site-wide promotion: ""BUY MORE. SAVE MORE. ALL 80+ PLUGINS FOR JUST $80 OR 2 FOR 1 PLUGINS SITEWIDE Discounts are automatically applied to your cart. Love our plugins or get a full refund.""",2026-05-08
Fear of God,fear-of-god,live,0,,,,,,,,,,,,2026-05-08
Feature,feature,live,1,,,,sale-womens,50,32,,,,,"Currently 32% off across 50 products in our 'sale-womens' collection — if this SKU is in that collection, the discount is already applied",2026-05-08
Flare Audio,flare-audio,live,1,Worldwide shipping,,,,,,1,53,30,30,"Currently 1 products on sale (2% of recent inventory) — average discount 30% off list, up to 30% off. If this SKU has compare_at_price set, the markdown is already applied.",2026-05-08
Flatspot,flatspot,live,1,,,,sale,50,34,,,,,"Currently 34% off across 50 products in our 'sale' collection — if this SKU is in that collection, the discount is already applied",2026-05-08
Foreverspin,foreverspin,live,2,FREE SHIPPING,,,,,,2,60,14,15,"Free shipping (per current site banner: 'FREE SHIPPING') || Currently 2 products on sale (3% of recent inventory) — average discount 14% off list, up to 15% off. If this SKU has compare_at_price set, the markdown is already applied.",2026-05-08
Frankies Bikinis,frankies-bikinis,live,1,"function promoBarSetup() { } addEventListener(""DOMContentLoaded"", (event) => {promoBarSetup()}); addEventListener(""resize"", (event) => {promoBarSetup()});",,,sale,50,53,,,,,"Currently 53% off across 50 products in our 'sale' collection — if this SKU is in that collection, the discount is already applied",2026-05-08
Fucking Awesome,fucking-awesome,live,1,,,,,,,11,250,47,67,"Currently 11 products on sale (4% of recent inventory) — average discount 47% off list, up to 67% off. If this SKU has compare_at_price set, the markdown is already applied.",2026-05-08
FUCKTHEPOPULATION,fuckthepopulation,live,0,,,,,,,,,,,,2026-05-08
FYF,fyf,live,0,,,,,,,,,,,,2026-05-08
G Fuel,g-fuel,live,1,,,,,,,5,160,26,33,"Currently 5 products on sale (3% of recent inventory) — average discount 26% off list, up to 33% off. If this SKU has compare_at_price set, the markdown is already applied.",2026-05-08
G Pen,g-pen,live,2,Free shipping $75+,75,,,,,42,123,45,80,"Free shipping on orders $75+ (current store policy) || Currently 42 products on sale (34% of recent inventory) — average discount 45% off list, up to 80% off. If this SKU has compare_at_price set, the markdown is already applied.",2026-05-08
G59 Records,g59-records,live,1,free shipping,,,,,,,,,,Free shipping (per current site banner: 'free shipping'),2026-05-08
gc2b,gc2b,live,1,Free Nipple Shields with 2b Tape Orders,,,final-sale,31,15,33,103,15,20,"Currently 15% off across 31 products in our 'final-sale' collection — if this SKU is in that collection, the discount is already applied",2026-05-08
Ghospell,ghospell,live,1,FREE UK NEXT-DAY DELIVERY,,,sale,45,37,45,115,37,56,"Currently 37% off across 45 products in our 'sale' collection — if this SKU is in that collection, the discount is already applied",2026-05-08
Glow Recipe,glow-recipe,live,1,THE STRETCH TOTE • Free Welcome Gift With $55+ Orders,,,,,,21,124,24,45,"Currently 21 products on sale (17% of recent inventory) — average discount 24% off list, up to 45% off. If this SKU has compare_at_price set, the markdown is already applied.",2026-05-08
Goatcase,goatcase,live,1,Free Shipping,,,,,,,,,,Free shipping (per current site banner: 'Free Shipping'),2026-05-08
Good American,good-american,live,1,,,,sale,50,25,74,250,34,50,"Currently 25% off across 50 products in our 'sale' collection — if this SKU is in that collection, the discount is already applied",2026-05-08
Goulet Pens,goulet-pens,live,2,Free Standard Shipping on any US order over $99!,99,,,,,21,250,24,50,"Free shipping on orders $99+ (current store policy) || Currently 21 products on sale (8% of recent inventory) — average discount 24% off list, up to 50% off. If this SKU has compare_at_price set, the markdown is already applied.",2026-05-08
Grey Haze,grey-haze,live,1,,,,,,,103,250,29,62,"Currently 103 products on sale (41% of recent inventory) — average discount 29% off list, up to 62% off. If this SKU has compare_at_price set, the markdown is already applied.",2026-05-08
Grunt Style,grunt-style,live,2,Free Shipping on Orders Over $75,75,,sale,50,22,38,250,31,67,"Free shipping on orders $75+ (current store policy) || Currently 22% off across 50 products in our 'sale' collection — if this SKU is in that collection, the discount is already applied",2026-05-08
Gul Ahmed,gul-ahmed,live,1,,,,sale,50,38,214,250,51,73,"Currently 38% off across 50 products in our 'sale' collection — if this SKU is in that collection, the discount is already applied",2026-05-08
Gymshark,gymshark,live,1,,,,outlet,50,46,2,250,25,30,"Currently 46% off across 50 products in our 'outlet' collection — if this SKU is in that collection, the discount is already applied",2026-05-08
Halo Beauty,halo-beauty,live,1,,,,,,,4,48,8,10,"Currently 4 products on sale (8% of recent inventory) — average discount 8% off list, up to 10% off. If this SKU has compare_at_price set, the markdown is already applied.",2026-05-08
Haus,haus,live,2,20% OFF SITEWIDE WHILE SUPPLIES LAST!,,,,,,6,10,30,50,"Currently 6 products on sale (60% of recent inventory) — average discount 30% off list, up to 50% off. If this SKU has compare_at_price set, the markdown is already applied. || Current site-wide promotion: ""20% OFF SITEWIDE WHILE SUPPLIES LAST!""",2026-05-08
Headphone Zone,headphone-zone,live,1,,,,,,,232,250,26,75,"Currently 232 products on sale (93% of recent inventory) — average discount 26% off list, up to 75% off. If this SKU has compare_at_price set, the markdown is already applied.",2026-05-08
Heatonist,heatonist,live,1,,,,,,,37,250,28,50,"Currently 37 products on sale (15% of recent inventory) — average discount 28% off list, up to 50% off. If this SKU has compare_at_price set, the markdown is already applied.",2026-05-08
Hismile,hismile,live,2,Code: \${styled_discount_code} applied 🎉 Bundle and save up to \${maximum_bundle_percentage * 100}%,,,,,,2,52,76,76,"Currently 2 products on sale (4% of recent inventory) — average discount 76% off list, up to 76% off. If this SKU has compare_at_price set, the markdown is already applied. || Current site-wide promotion: ""Code: \${styled_discount_code} applied 🎉 Bundle and save up to \${maximum_bundle_percentage * 100}%""",2026-05-08
iHeartRaves,iheartraves,live,2,FLASH SALE,,,,,,144,250,36,66,"Currently 144 products on sale (58% of recent inventory) — average discount 36% off list, up to 66% off. If this SKU has compare_at_price set, the markdown is already applied. || Current site-wide promotion: ""FLASH SALE""",2026-05-08
Incu,incu,live,2,Free shipping on domestic orders over $350,350,,sale,50,34,,,,,"Free shipping on orders $350+ (current store policy) || Currently 34% off across 50 products in our 'sale' collection — if this SKU is in that collection, the discount is already applied",2026-05-08
Indestructible Shoes,indestructible-shoes,live,1,,,,,,,91,91,52,67,"Currently 91 products on sale (100% of recent inventory) — average discount 52% off list, up to 67% off. If this SKU has compare_at_price set, the markdown is already applied.",2026-05-08
Instant Adcopy,instant-adcopy,live,1,,,,,,,15,118,45,60,"Currently 15 products on sale (13% of recent inventory) — average discount 45% off list, up to 60% off. If this SKU has compare_at_price set, the markdown is already applied.",2026-05-08
Intelligent Change,intelligent-change,live,1,Free Organic Tote on orders $125+ Shop Now →,,,sale,35,19,46,165,17,40,"Currently 19% off across 35 products in our 'sale' collection — if this SKU is in that collection, the discount is already applied",2026-05-08
INTO THE AM,into-the-am,live,2,"3 for 33% Off, 6 for 40% Off",,,,,,146,250,37,80,"Currently 146 products on sale (58% of recent inventory) — average discount 37% off list, up to 80% off. If this SKU has compare_at_price set, the markdown is already applied. || Current site-wide promotion: ""3 for 33% Off, 6 for 40% Off""",2026-05-08
Iron and Resin,iron-and-resin,live,2,Join The Million Mile Club & Save Big,,,,,,74,250,45,60,"Currently 74 products on sale (30% of recent inventory) — average discount 45% off list, up to 60% off. If this SKU has compare_at_price set, the markdown is already applied. || Current site-wide promotion: ""Join The Million Mile Club & Save Big""",2026-05-08
Jeffree Star Cosmetics,jeffree-star-cosmetics,live,2,SAVE 15,,,,,,102,250,19,71,"Currently 102 products on sale (41% of recent inventory) — average discount 19% off list, up to 71% off. If this SKU has compare_at_price set, the markdown is already applied. || Current site-wide promotion: ""SAVE 15""",2026-05-08
Jerry of the Day,jerry-of-the-day,live,2,"Free Send-O-Vision every $150 spent w/ code ""sendo150"" *must add free sendo to cart*",,,sale,50,39,82,169,46,84,"Currently 39% off across 50 products in our 'sale' collection — if this SKU is in that collection, the discount is already applied || Current site-wide promotion: ""Free Send-O-Vision every $150 spent w/ code ""sendo150"" *must add free sendo to cart*""",2026-05-08
JLab,jlab,live,1,,,,sale,50,20,20,250,23,43,"Currently 20% off across 50 products in our 'sale' collection — if this SKU is in that collection, the discount is already applied",2026-05-08
John Elliott,john-elliott,live,1,ENJOY FREE DOMESTIC SHIPPING,,,womens-sale,1,80,1,245,80,80,"Currently 80% off across 1 products in our 'womens-sale' collection — if this SKU is in that collection, the discount is already applied",2026-05-08
Johnny Cupcakes,johnny-cupcakes,live,0,,,,,,,,,,,,2026-05-08
Johnny Shades,johnny-shades,live,2,Pause slideshow Play slideshow JohnnyShades FREE SHIPPING WITHIN USA!,,,,,,47,108,46,50,"Free shipping (per current site banner: 'Pause slideshow Play slideshow JohnnyShades FREE SHIPPING WITHIN USA!') || Currently 47 products on sale (44% of recent inventory) — average discount 46% off list, up to 50% off. If this SKU has compare_at_price set, the markdown is already applied.",2026-05-08
JOLYN,jolyn,live,1,,,,,,,15,250,45,75,"Currently 15 products on sale (6% of recent inventory) — average discount 45% off list, up to 75% off. If this SKU has compare_at_price set, the markdown is already applied.",2026-05-08
Jouer Cosmetics,jouer-cosmetics,live,2,Free Travel Brush Set on orders $65+ | No code necessary,,,sale,50,61,29,115,46,87,"Currently 61% off across 50 products in our 'sale' collection — if this SKU is in that collection, the discount is already applied || Current site-wide promotion: ""Free Travel Brush Set on orders $65+ | No code necessary""",2026-05-08
Joyrich,joyrich,live,0,,,,,,,,,,,,2026-05-08
Jura Watches,jura-watches,live,1,#shopify-section-discountBanner .announcement__link__text {font-size: 12px; color: #ffffff; font-weight: normal; line-height: 1.2; text-transform: none; font-family: Arial; letter-spacing: 0px;},,,,,,1,250,93,93,"Currently 1 products on sale (0% of recent inventory) — average discount 93% off list, up to 93% off. If this SKU has compare_at_price set, the markdown is already applied.",2026-05-08
Juvia's Place,juvia-s-place,live,2,Spend $35. Get Free Shipping within the USA,35,,,,,24,180,42,75,"Free shipping on orders $35+ (current store policy) || Currently 24 products on sale (13% of recent inventory) — average discount 42% off list, up to 75% off. If this SKU has compare_at_price set, the markdown is already applied.",2026-05-08
Kaged Muscle,kaged-muscle,live,1,,,,,,,6,61,25,35,"Currently 6 products on sale (10% of recent inventory) — average discount 25% off list, up to 35% off. If this SKU has compare_at_price set, the markdown is already applied.",2026-05-08
KBDfans,kbdfans,live,2,$65-$6 shipping code: Wafflebetter,,,clearance,28,60,31,250,19,79,"Currently 60% off across 28 products in our 'clearance' collection — if this SKU is in that collection, the discount is already applied || Current site-wide promotion: ""$65-$6 shipping code: Wafflebetter""",2026-05-08
Key Smart,key-smart,live,1,,,,sale,50,18,74,94,20,93,"Currently 18% off across 50 products in our 'sale' collection — if this SKU is in that collection, the discount is already applied",2026-05-08
Kidrobot,kidrobot,live,1,FREE SHIPPING ON USA ORDERS $75+,75,,,,,,,,,Free shipping on orders $75+ (current store policy),2026-05-08
Kikkerland,kikkerland,live,0,,,,,,,,,,,,2026-05-08
Killstar,killstar,live,2,/* Section-specific variables */ #marquee-static-notification-bar { --gap: 0rem; /* space between items */ } ⟡ Extra 20% Off Warehouse Sale ⟡ Use Code EXTRA20 - Shop Now,,,,,,192,250,51,86,"Currently 192 products on sale (77% of recent inventory) — average discount 51% off list, up to 86% off. If this SKU has compare_at_price set, the markdown is already applied. || Current site-wide promotion: ""/* Section-specific variables */ #marquee-static-notification-bar { --gap: 0rem; /* space between items */ } ⟡ Extra 20% Off Warehouse Sale ⟡ Use Code EXTRA20 - Shop Now""",2026-05-08
King Ice,king-ice,live,1,Buy now and pay later with Shop Pay,,,sale,36,52,25,250,42,60,"Currently 52% off across 36 products in our 'sale' collection — if this SKU is in that collection, the discount is already applied",2026-05-08
Kingpin cooling,kingpin-cooling,live,0,,,,,,,,,,,,2026-05-08
Kith,kith,live,1,,,,sale,1,50,4,250,47,60,"Currently 50% off across 1 products in our 'sale' collection — if this SKU is in that collection, the discount is already applied",2026-05-08
Klean Kanteen,klean-kanteen,live,1,,,,sale,9,48,22,129,32,63,"Currently 48% off across 9 products in our 'sale' collection — if this SKU is in that collection, the discount is already applied",2026-05-08
Knix,knix,live,1,Free Tote Bag when you spend $175+,,,,,,106,250,36,75,"Currently 106 products on sale (42% of recent inventory) — average discount 36% off list, up to 75% off. If this SKU has compare_at_price set, the markdown is already applied.",2026-05-08
kokopiecoco,kokopiecoco,live,1,,,,,,,32,42,51,96,"Currently 32 products on sale (76% of recent inventory) — average discount 51% off list, up to 96% off. If this SKU has compare_at_price set, the markdown is already applied.",2026-05-08
Kookai,kookai,live,2,Free Shipping On Orders Over $100*,100,,sale,50,50,1,250,50,50,"Free shipping on orders $100+ (current store policy) || Currently 50% off across 50 products in our 'sale' collection — if this SKU is in that collection, the discount is already applied",2026-05-08
Kulani Kinis,kulani-kinis,live,2,SHOP NEW IN! NEW ARRIVALS Free shipping on orders over $100 !* Buy now pay later with Afterpay & Klarna,100,,all-sale,50,45,2,250,40,50,"Free shipping on orders $100+ (current store policy) || Currently 45% off across 50 products in our 'all-sale' collection — if this SKU is in that collection, the discount is already applied",2026-05-08
Kylie Cosmetics,kylie-cosmetics,live,2,Free U.S. Shipping with Orders Over $40,40,,sale,2,40,114,250,11,50,"Free shipping on orders $40+ (current store policy) || Currently 40% off across 2 products in our 'sale' collection — if this SKU is in that collection, the discount is already applied",2026-05-08
La Colombe Coffee,la-colombe-coffee,live,2,Just for Members: 30% OFF SITEWIDE Just for Members: 30% OFF SITEWIDE Shop now,,,sale,15,18,1,56,18,18,"Currently 18% off across 15 products in our 'sale' collection — if this SKU is in that collection, the discount is already applied || Current site-wide promotion: ""Just for Members: 30% OFF SITEWIDE Just for Members: 30% OFF SITEWIDE Shop now""",2026-05-08
La Garconne,la-garconne,live,2,20% OFF,,,sale,50,52,,,,,"Currently 52% off across 50 products in our 'sale' collection — if this SKU is in that collection, the discount is already applied || Current site-wide promotion: ""20% OFF""",2026-05-08
LA Girl Cosmetics,la-girl-cosmetics,live,1,Free Shipping on Orders $35+,35,,,,,,,,,Free shipping on orders $35+ (current store policy),2026-05-08
Lack of Color,lack-of-color,live,1,,,,,,,1,95,49,49,"Currently 1 products on sale (1% of recent inventory) — average discount 49% off list, up to 49% off. If this SKU has compare_at_price set, the markdown is already applied.",2026-05-08
LIFX,lifx,live,1,Free shipping on all orders over $59.,59,,,,,,,,,Free shipping on orders $59+ (current store policy),2026-05-08
Lila Nikole,lila-nikole,live,1,,,,sale,10,44,14,192,37,71,"Currently 44% off across 10 products in our 'sale' collection — if this SKU is in that collection, the discount is already applied",2026-05-08
Limited Run Games,limited-run-games,live,1,,,,,,,8,250,63,86,"Currently 8 products on sale (3% of recent inventory) — average discount 63% off list, up to 86% off. If this SKU has compare_at_price set, the markdown is already applied.",2026-05-08
Liquid Death,liquid-death,live,1,,,,,,,26,208,39,100,"Currently 26 products on sale (12% of recent inventory) — average discount 39% off list, up to 100% off. If this SKU has compare_at_price set, the markdown is already applied.",2026-05-08
Live Fit Apparel,live-fit-apparel,live,2,MOTHERS DAY SALE // 25% OFF SITEWIDE // CODE: LVFTFITMOM,,,sale,50,48,8,250,53,70,"Currently 48% off across 50 products in our 'sale' collection — if this SKU is in that collection, the discount is already applied || Current site-wide promotion: ""MOTHERS DAY SALE // 25% OFF SITEWIDE // CODE: LVFTFITMOM""",2026-05-08
Livestock,livestock,live,1,,,,sale,50,42,68,250,40,65,"Currently 42% off across 50 products in our 'sale' collection — if this SKU is in that collection, the discount is already applied",2026-05-08
Lord Timepieces,lord-timepieces,live,1,Worldwide Shipping,,,sale,45,29,102,104,29,37,"Currently 29% off across 45 products in our 'sale' collection — if this SKU is in that collection, the discount is already applied",2026-05-08
Loreta,loreta,live,1,,,,sale,50,49,19,250,33,60,"Currently 49% off across 50 products in our 'sale' collection — if this SKU is in that collection, the discount is already applied",2026-05-08
Love Your Melon,love-your-melon,live,1,Free Shipping On Orders Over $100 Free Shipping On Orders Over $100,100,,,,,,,,,Free shipping on orders $100+ (current store policy),2026-05-08
Lovepop,lovepop,live,2,Free shipping on all US orders over $24,24,,,,,15,250,8,10,"Free shipping on orders $24+ (current store policy) || Currently 15 products on sale (6% of recent inventory) — average discount 8% off list, up to 10% off. If this SKU has compare_at_price set, the markdown is already applied.",2026-05-08
LSPACE,lspace,live,1,FREE INTERNATIONAL SHIPPING ON ORDERS $200+,200,,,,,,,,,Free shipping on orders $200+ (current store policy),2026-05-08
Lumee,lumee,live,2,Wholesale Bulk Buys,,,,,,33,250,18,66,"Currently 33 products on sale (13% of recent inventory) — average discount 18% off list, up to 66% off. If this SKU has compare_at_price set, the markdown is already applied. || Current site-wide promotion: ""Wholesale Bulk Buys""",2026-05-08
Luminous Eshop,luminous-eshop,live,2,You can save up to 80%* on monthly electricity bills. Get a quote!,,,,,,51,55,40,80,"Currently 51 products on sale (93% of recent inventory) — average discount 40% off list, up to 80% off. If this SKU has compare_at_price set, the markdown is already applied. || Current site-wide promotion: ""You can save up to 80%* on monthly electricity bills. Get a quote!""",2026-05-08
Luxy Hair,luxy-hair,live,1,,,,,,,93,250,22,50,"Currently 93 products on sale (37% of recent inventory) — average discount 22% off list, up to 50% off. If this SKU has compare_at_price set, the markdown is already applied.",2026-05-08
Magic Spoon,magic-spoon,live,1,⌛ Limited! FREE Bowl Set for New Subscribers! 🥣✨,,,,,,37,250,11,20,"Currently 37 products on sale (15% of recent inventory) — average discount 11% off list, up to 20% off. If this SKU has compare_at_price set, the markdown is already applied.",2026-05-08
Mahabis,mahabis,live,2,"woohoo! you’ll save 20% on checkout due to our bundle offer buy 2 or more full price slipper pairs, get 20% off",,,,,,100,166,43,71,"Currently 100 products on sale (60% of recent inventory) — average discount 43% off list, up to 71% off. If this SKU has compare_at_price set, the markdown is already applied. || Current site-wide promotion: ""woohoo! you’ll save 20% on checkout due to our bundle offer buy 2 or more full price slipper pairs, get 20% off""",2026-05-08
Mahiya Leather,mahiya-leather,live,2,AUSTRALIA ONLY SALE! Closing down - no returns,,,sale,32,61,118,126,57,80,"Currently 61% off across 32 products in our 'sale' collection — if this SKU is in that collection, the discount is already applied || Current site-wide promotion: ""AUSTRALIA ONLY SALE! Closing down - no returns""",2026-05-08
Maker Shed,maker-shed,live,2,Free shipping,,,,,,49,250,22,72,"Free shipping (per current site banner: 'Free shipping') || Currently 49 products on sale (20% of recent inventory) — average discount 22% off list, up to 72% off. If this SKU has compare_at_price set, the markdown is already applied.",2026-05-08
Mansur Gavriel,mansur-gavriel,live,1,,,,sale-shoes,5,31,21,250,32,45,"Currently 31% off across 5 products in our 'sale-shoes' collection — if this SKU is in that collection, the discount is already applied",2026-05-08
MantraBand,mantraband,live,1,,,,sale,50,40,89,244,36,70,"Currently 40% off across 50 products in our 'sale' collection — if this SKU is in that collection, the discount is already applied",2026-05-08
Maramani,maramani,live,0,,,,,,,,,,,,2026-05-08
Mavi,mavi,live,3,Mavi Jeans Official Online Store. Shop Premium Denim & Apparel for Women and Men. Largest Selection. Sizes 24-40. Free Shipping & Returns.,,,sale-women,50,26,41,250,28,50,"Free shipping (per current site banner: 'Mavi Jeans Official Online Store. Shop Premium Denim & Apparel for Women and Men. Largest Selection. Sizes 24-40. Free Shipping & Returns.') || Currently 26% off across 50 products in our 'sale-women' collection — if this SKU is in that collection, the discount is already applied || Current site-wide promotion: ""Mavi Jeans Official Online Store. Shop Premium Denim & Apparel for Women and Men. Largest Selection. Sizes 24-40. Free Shipping & Returns.""",2026-05-08
MediaMarkt Portugal,mediamarkt-portugal,live,0,,,,,,,,,,,,2026-05-08
Meowingtons,meowingtons,live,2,Pause slideshow Play slideshow ⭐️ Anniversary Sale! Shop up to 70% OFF Sitewide with CODE: MEOW12at checkout! ⭐️,,,sale,9,33,131,250,24,88,"Currently 33% off across 9 products in our 'sale' collection — if this SKU is in that collection, the discount is already applied || Current site-wide promotion: ""Pause slideshow Play slideshow ⭐️ Anniversary Sale! Shop up to 70% OFF Sitewide with CODE: MEOW12at checkout! ⭐️""",2026-05-08
Mike Amiri,mike-amiri,live,0,${item.innerHTML},,,,,,,,,,,2026-05-08
Miracle Noodle,miracle-noodle,live,1,Free Shipping on All Orders! SHOP NOW,,,,,,,,,,Free shipping (per current site banner: 'Free Shipping on All Orders! SHOP NOW'),2026-05-08
Mission Workshop,mission-workshop,live,1,,,,,,,28,155,19,30,"Currently 28 products on sale (18% of recent inventory) — average discount 19% off list, up to 30% off. If this SKU has compare_at_price set, the markdown is already applied.",2026-05-08
MMA Silver,mma-silver,live,2,"MMA International's Silver Stars Collection is the top choice for wholesale sterling silver jewelry, wholesale fashion jewelry, pearls, and custom jew",,,sale,50,31,,,,,"Currently 31% off across 50 products in our 'sale' collection — if this SKU is in that collection, the discount is already applied || Current site-wide promotion: ""MMA International's Silver Stars Collection is the top choice for wholesale sterling silver jewelry, wholesale fashion jewelry, pearls, and custom jew""",2026-05-08
MMA Warehouse,mma-warehouse,live,1,,,,sale,50,10,128,250,10,10,"Currently 10% off across 50 products in our 'sale' collection — if this SKU is in that collection, the discount is already applied",2026-05-08
mnml,mnml,live,1,,,,final-sale,50,28,30,250,29,55,"Currently 28% off across 50 products in our 'final-sale' collection — if this SKU is in that collection, the discount is already applied",2026-05-08
Morphe,morphe,live,1,Free Shipping on Orders $35+,35,,,,,,,,,Free shipping on orders $35+ (current store policy),2026-05-08
Mous,mous,live,2,"FAST, FREE DELIVERY ON ORDERS OVER $69 RATED EXCELLENT 30-DAY RETURNS",69,,sale,50,29,98,233,21,76,"Free shipping on orders $69+ (current store policy) || Currently 29% off across 50 products in our 'sale' collection — if this SKU is in that collection, the discount is already applied",2026-05-08
MrBeast Shop,mrbeast-shop,live,1,@media screen and (max-width: 749px) { .custom-announcement-bar { text-align: center; font-size: 1.2rem; } Free Shipping on Orders over $75 (US only),75,,,,,,,,,Free shipping on orders $75+ (current store policy),2026-05-08
mrcnoir,mrcnoir,live,1,,,,,,,9,85,37,47,"Currently 9 products on sale (11% of recent inventory) — average discount 37% off list, up to 47% off. If this SKU has compare_at_price set, the markdown is already applied.",2026-05-08
Muse-Themes,muse-themes,live,0,,,,,,,,,,,,2026-05-08
MyChoiceSoftware,mychoicesoftware,live,2,Spring Upgrade Event 12% Off Sitewide* Code SPRING26 Exp 05/10 *Exclusions apply. Exclusion Details,,,clearance,4,57,31,250,19,63,"Currently 57% off across 4 products in our 'clearance' collection — if this SKU is in that collection, the discount is already applied || Current site-wide promotion: ""Spring Upgrade Event 12% Off Sitewide* Code SPRING26 Exp 05/10 *Exclusions apply. Exclusion Details""",2026-05-08
MyIntent,myintent,live,1,FREE US SHIPPING ALL ORDERS $50+,50,,,,,,,,,Free shipping on orders $50+ (current store policy),2026-05-08
Myles Apparel,myles-apparel,live,1,,,,sale,25,48,25,116,48,70,"Currently 48% off across 25 products in our 'sale' collection — if this SKU is in that collection, the discount is already applied",2026-05-08
Natural Baby Shower,natural-baby-shower,live,2,Free delivery on orders over £75,75,,sale,50,16,131,250,21,70,"Free shipping on orders $75+ (current store policy) || Currently 16% off across 50 products in our 'sale' collection — if this SKU is in that collection, the discount is already applied",2026-05-08
Natural Stacks,natural-stacks,live,2,Up To 40% OFF Subscriptions + FREE U.S. Shipping,,,sale,9,18,50,74,20,57,"Currently 18% off across 9 products in our 'sale' collection — if this SKU is in that collection, the discount is already applied || Current site-wide promotion: ""Up To 40% OFF Subscriptions + FREE U.S. Shipping""",2026-05-08
Nest Bedding,nest-bedding,live,2,50% off mattresses when you bundle,,,sale,4,15,2,250,15,18,"Currently 15% off across 4 products in our 'sale' collection — if this SKU is in that collection, the discount is already applied || Current site-wide promotion: ""50% off mattresses when you bundle""",2026-05-08
New Era,new-era,live,2,30% off select Alpha Industries styles,,,all-sale,50,37,4,250,28,35,"Currently 37% off across 50 products in our 'all-sale' collection — if this SKU is in that collection, the discount is already applied || Current site-wide promotion: ""30% off select Alpha Industries styles""",2026-05-08
Newbury Comics,newbury-comics,live,1,Free standard shipping on domestic orders over $100!,100,,,,,,,,,Free shipping on orders $100+ (current store policy),2026-05-08
Next Deal Shop,next-deal-shop,live,2,Spring Savings Sale! Up to 60% Off storewide + EXTRA 50% Off any 2nd item with code: BF25 EXTRA 50% Off any 2nd item code: BF25,,,,,,250,250,33,66,"Currently 250 products on sale (100% of recent inventory) — average discount 33% off list, up to 66% off. If this SKU has compare_at_price set, the markdown is already applied. || Current site-wide promotion: ""Spring Savings Sale! Up to 60% Off storewide + EXTRA 50% Off any 2nd item with code: BF25 EXTRA 50% Off any 2nd item code: BF25""",2026-05-08
Nialaya Jewelry,nialaya-jewelry,live,2,FREE SHIPPING: US & EU $199+ | WORLDWIDE $299+ 📦,199,,sale,28,32,53,250,31,50,"Free shipping on orders $199+ (current store policy) || Currently 32% off across 28 products in our 'sale' collection — if this SKU is in that collection, the discount is already applied",2026-05-08
Nickey Kehoe,nickey-kehoe,live,0,,,,,,,,,,,,2026-05-08
Nisolo,nisolo,live,2,Up to 40% off — the Treat Yourself Promo is here. Shop Now,,,sale,50,44,130,201,47,80,"Currently 44% off across 50 products in our 'sale' collection — if this SKU is in that collection, the discount is already applied || Current site-wide promotion: ""Up to 40% off — the Treat Yourself Promo is here. Shop Now""",2026-05-08
Noah,noah,live,2,"Free Shipping on Orders Rs. 34,100 +",,,,,,83,250,38,71,"Free shipping (per current site banner: 'Free Shipping on Orders Rs. 34,100 +') || Currently 83 products on sale (33% of recent inventory) — average discount 38% off list, up to 71% off. If this SKU has compare_at_price set, the markdown is already applied.",2026-05-08
NoHow,nohow,live,1,,,,outlet,50,65,91,250,28,90,"Currently 65% off across 50 products in our 'outlet' collection — if this SKU is in that collection, the discount is already applied",2026-05-08
Noise,noise,live,1,,,,,,,181,250,51,89,"Currently 181 products on sale (72% of recent inventory) — average discount 51% off list, up to 89% off. If this SKU has compare_at_price set, the markdown is already applied.",2026-05-08
Notre Shop,notre-shop,live,1,,,,sale,50,27,15,250,29,53,"Currently 27% off across 50 products in our 'sale' collection — if this SKU is in that collection, the discount is already applied",2026-05-08
Nutrimuscle,nutrimuscle,live,1,,,,,,,6,192,19,44,"Currently 6 products on sale (3% of recent inventory) — average discount 19% off list, up to 44% off. If this SKU has compare_at_price set, the markdown is already applied.",2026-05-08
OBEY Clothing,obey-clothing,live,1,,,,womens-sale,50,44,11,250,30,30,"Currently 44% off across 50 products in our 'womens-sale' collection — if this SKU is in that collection, the discount is already applied",2026-05-08
OddBalls,oddballs,live,2,60% OFF SITEWIDE,,,,,,102,250,25,70,"Currently 102 products on sale (41% of recent inventory) — average discount 25% off list, up to 70% off. If this SKU has compare_at_price set, the markdown is already applied. || Current site-wide promotion: ""60% OFF SITEWIDE""",2026-05-08
OFRA Cosmetic,ofra-cosmetic,live,2,Always FREE shipping on domestic $50+ orders!,50,,sale,7,31,1,250,25,25,"Free shipping on orders $50+ (current store policy) || Currently 31% off across 7 products in our 'sale' collection — if this SKU is in that collection, the discount is already applied",2026-05-08
Olipop,olipop,live,2,30% off subscriptions when you resubscribe with code 30RESUB .,,,,,,1,62,5,5,"Currently 1 products on sale (2% of recent inventory) — average discount 5% off list, up to 5% off. If this SKU has compare_at_price set, the markdown is already applied. || Current site-wide promotion: ""30% off subscriptions when you resubscribe with code 30RESUB .""",2026-05-08
Onewheel,onewheel,live,1,GT Sale: Save up to $500 | Shop Now,,,,,,,,,,"Current site-wide promotion: ""GT Sale: Save up to $500 | Shop Now""",2026-05-08
OnlinePrasad,onlineprasad,live,2,"70%
off",,,,,,64,250,49,51,"Currently 64 products on sale (26% of recent inventory) — average discount 49% off list, up to 51% off. If this SKU has compare_at_price set, the markdown is already applied. || Current site-wide promotion: ""70%
off""",2026-05-08
Only NY,only-ny,live,2,FREE US SHIPPING ON ORDERS OVER $200,200,,sale,50,52,96,250,41,71,"Free shipping on orders $200+ (current store policy) || Currently 52% off across 50 products in our 'sale' collection — if this SKU is in that collection, the discount is already applied",2026-05-08
Out of Print,out-of-print,live,2,Up to 50% OFF Select Items>,,,sale,50,40,4,250,38,50,"Currently 40% off across 50 products in our 'sale' collection — if this SKU is in that collection, the discount is already applied || Current site-wide promotion: ""Up to 50% OFF Select Items>""",2026-05-08
Out of the Sandbox,out-of-the-sandbox,live,1,""" style=""object-fit:cover;object-position:50.0% 50.0%;"" >",,,,,,,,,,"Current site-wide promotion: """" style=""object-fit:cover;object-position:50.0% 50.0%;"" >""",2026-05-08
Outdoor Voices,outdoor-voices,live,2,"section-promo-bar[data-active-index=""0""] { background: #000f9f; color: #ffffff; } Free Shipping on orders $100+",100,,,,,46,250,51,72,"Free shipping on orders $100+ (current store policy) || Currently 46 products on sale (18% of recent inventory) — average discount 51% off list, up to 72% off. If this SKU has compare_at_price set, the markdown is already applied.",2026-05-08
Paramount Shop,paramount-shop,live,2,SIGN UP FOR OUR NEWSLETTER AND SAVE 15% - SUBSCRIBE NOW,,,sale,43,39,,,,,"Currently 39% off across 43 products in our 'sale' collection — if this SKU is in that collection, the discount is already applied || Current site-wide promotion: ""SIGN UP FOR OUR NEWSLETTER AND SAVE 15% - SUBSCRIBE NOW""",2026-05-08
Partake Foods,partake-foods,live,0,,,,,,,,,,,,2026-05-08
Peakdesign,peakdesign,live,2,Free shipping on orders over $100,100,,last-call,3,50,197,250,13,70,"Free shipping on orders $100+ (current store policy) || Currently 50% off across 3 products in our 'last-call' collection — if this SKU is in that collection, the discount is already applied",2026-05-08
Peel,peel,live,1,,,,,,,245,250,21,74,"Currently 245 products on sale (98% of recent inventory) — average discount 21% off list, up to 74% off. If this SKU has compare_at_price set, the markdown is already applied.",2026-05-08
Pimax,pimax,live,1,,,,deals,11,33,24,93,28,82,"Currently 33% off across 11 products in our 'deals' collection — if this SKU is in that collection, the discount is already applied",2026-05-08
Pipcorn,pipcorn,live,1,free shipping on orders over $30,30,,,,,,,,,Free shipping on orders $30+ (current store policy),2026-05-08
PITAKA,pitaka,live,1,,,,,,,9,52,50,83,"Currently 9 products on sale (17% of recent inventory) — average discount 50% off list, up to 83% off. If this SKU has compare_at_price set, the markdown is already applied.",2026-05-08
PRESS Healthfoods,press-healthfoods,live,2,Free Delivery on all UK Orders over £50,50,,,,,13,150,17,26,"Free shipping on orders $50+ (current store policy) || Currently 13 products on sale (9% of recent inventory) — average discount 17% off list, up to 26% off. If this SKU has compare_at_price set, the markdown is already applied.",2026-05-08
Pura Vida Bracelets,pura-vida-bracelets,live,1,,,,sale,50,30,69,250,30,30,"Currently 30% off across 50 products in our 'sale' collection — if this SKU is in that collection, the discount is already applied",2026-05-08
Q-See,q-see,live,2,Explore 2-Way Video Talk Ares SE: $20 Off Now Shop Now,,,,,,9,13,18,57,"Currently 9 products on sale (69% of recent inventory) — average discount 18% off list, up to 57% off. If this SKU has compare_at_price set, the markdown is already applied. || Current site-wide promotion: ""Explore 2-Way Video Talk Ares SE: $20 Off Now Shop Now""",2026-05-08
Quay Australia,quay-australia,live,1,,,,sale,12,44,20,176,48,69,"Currently 44% off across 12 products in our 'sale' collection — if this SKU is in that collection, the discount is already applied",2026-05-08
Qwerkywriter,qwerkywriter,live,2,FREE SHIPPING $200+ US CONTINENTAL,200,,,,,17,32,23,47,"Free shipping on orders $200+ (current store policy) || Currently 17 products on sale (53% of recent inventory) — average discount 23% off list, up to 47% off. If this SKU has compare_at_price set, the markdown is already applied.",2026-05-08
Race Day Quads,race-day-quads,live,2,free shipping,,,clearance,50,44,,,,,"Free shipping (per current site banner: 'free shipping') || Currently 44% off across 50 products in our 'clearance' collection — if this SKU is in that collection, the discount is already applied",2026-05-08
Rad Power Bikes,rad-power-bikes,live,1,,,,,,,18,155,19,33,"Currently 18 products on sale (12% of recent inventory) — average discount 19% off list, up to 33% off. If this SKU has compare_at_price set, the markdown is already applied.",2026-05-08
Radha Beauty,radha-beauty,live,1,,,,,,,9,45,21,56,"Currently 9 products on sale (20% of recent inventory) — average discount 21% off list, up to 56% off. If this SKU has compare_at_price set, the markdown is already applied.",2026-05-08
RAGS,rags,live,1,,,,,,,87,209,42,72,"Currently 87 products on sale (42% of recent inventory) — average discount 42% off list, up to 72% off. If this SKU has compare_at_price set, the markdown is already applied.",2026-05-08
RDKLU,rdklu,live,2,Free shipping On all orders.,,,sale,24,31,229,250,33,66,"Free shipping (per current site banner: 'Free shipping On all orders.') || Currently 31% off across 24 products in our 'sale' collection — if this SKU is in that collection, the discount is already applied",2026-05-08
Rebecca Minkoff,rebecca-minkoff,live,1,,,,sale,50,63,141,250,56,80,"Currently 63% off across 50 products in our 'sale' collection — if this SKU is in that collection, the discount is already applied",2026-05-08
Regal Rose,regal-rose,live,2,FREE delivery,,,sale,43,41,4,250,45,50,"Free shipping (per current site banner: 'FREE delivery') || Currently 41% off across 43 products in our 'sale' collection — if this SKU is in that collection, the discount is already applied",2026-05-08
Renee Rouleau,renee-rouleau,live,2,"Get Free Shipping. US ($125+), UK & CA ($150+ USD)",125,,,,,8,84,31,59,"Free shipping on orders $125+ (current store policy) || Currently 8 products on sale (10% of recent inventory) — average discount 31% off list, up to 59% off. If this SKU has compare_at_price set, the markdown is already applied.",2026-05-08
Represent Clothing,represent-clothing,live,2,DOWNLOAD THE APP FOR 15% OFF YOUR FIRST ORDER,,,,,,12,250,17,21,"Currently 12 products on sale (5% of recent inventory) — average discount 17% off list, up to 21% off. If this SKU has compare_at_price set, the markdown is already applied. || Current site-wide promotion: ""DOWNLOAD THE APP FOR 15% OFF YOUR FIRST ORDER""",2026-05-08
Retro Supply Co,retro-supply-co,live,1,,,,,,,6,250,28,34,"Currently 6 products on sale (2% of recent inventory) — average discount 28% off list, up to 34% off. If this SKU has compare_at_price set, the markdown is already applied.",2026-05-08
Ridge,ridge,live,2,UP TO 44% OFF — SHOP TRAVEL ESSENTIALS,,,,,,102,250,34,97,"Currently 102 products on sale (41% of recent inventory) — average discount 34% off list, up to 97% off. If this SKU has compare_at_price set, the markdown is already applied. || Current site-wide promotion: ""UP TO 44% OFF — SHOP TRAVEL ESSENTIALS""",2026-05-08
RIPNDIP,ripndip,live,1,,,,sale,1,83,7,250,44,58,"Currently 83% off across 1 products in our 'sale' collection — if this SKU is in that collection, the discount is already applied",2026-05-08
Rocketbook,rocketbook,live,2,FREE Shipping on Orders $45+,45,,,,,1,50,20,20,"Free shipping on orders $45+ (current store policy) || Currently 1 products on sale (2% of recent inventory) — average discount 20% off list, up to 20% off. If this SKU has compare_at_price set, the markdown is already applied.",2026-05-08
Rothys,rothys,live,2,Free Shipping & Easy Returns,,,,,,20,250,23,41,"Free shipping (per current site banner: 'Free Shipping & Easy Returns') || Currently 20 products on sale (8% of recent inventory) — average discount 23% off list, up to 41% off. If this SKU has compare_at_price set, the markdown is already applied.",2026-05-08
Secret Woods,secret-woods,live,1,,,,clearance,16,42,27,135,28,50,"Currently 42% off across 16 products in our 'clearance' collection — if this SKU is in that collection, the discount is already applied",2026-05-08
Secretlab,secretlab,live,1,,,,,,,28,134,16,30,"Currently 28 products on sale (21% of recent inventory) — average discount 16% off list, up to 30% off. If this SKU has compare_at_price set, the markdown is already applied.",2026-05-08
Sister Jane,sister-jane,live,2,"Free delivery to United Kingdom above £60 ✈ ""Close""",60,,sale,50,36,26,250,30,43,"Free shipping on orders $60+ (current store policy) || Currently 36% off across 50 products in our 'sale' collection — if this SKU is in that collection, the discount is already applied",2026-05-08
Soko Glam,soko-glam,live,2,"NO TARIFFS, FREE US SHIPPING OVER $50",50,,,,,6,250,32,38,"Free shipping on orders $50+ (current store policy) || Currently 6 products on sale (2% of recent inventory) — average discount 32% off list, up to 38% off. If this SKU has compare_at_price set, the markdown is already applied.",2026-05-08
Soylent,soylent,live,1,,,,,,,52,78,8,15,"Currently 52 products on sale (67% of recent inventory) — average discount 8% off list, up to 15% off. If this SKU has compare_at_price set, the markdown is already applied.",2026-05-08
Spigen,spigen,live,0,,,,,,,,,,,,2026-05-08
Steve Madden,steve-madden,live,2,Treat Yourself: 25% off select styles with code TREAT. Shop Now,,,all-sale,50,57,69,250,46,79,"Currently 57% off across 50 products in our 'all-sale' collection — if this SKU is in that collection, the discount is already applied || Current site-wide promotion: ""Treat Yourself: 25% off select styles with code TREAT. Shop Now""",2026-05-08
Stumptown Coffee,stumptown-coffee,live,1,Coffee Quiz,,,,,,,,,,"Current site-wide promotion: ""Coffee Quiz""",2026-05-08
Taylor Stitch,taylor-stitch,live,2,Free Shipping & Returns On Every Domestic Order Get Early Access To Exclusive Launches - Sign Up For Texts,,,,,,19,250,33,40,"Free shipping (per current site banner: 'Free Shipping & Returns On Every Domestic Order Get Early Access To Exclusive Launches - Sign Up For Texts') || Currently 19 products on sale (8% of recent inventory) — average discount 33% off list, up to 40% off. If this SKU has compare_at_price set, the markdown is already applied.",2026-05-08
Taylor Swift Store,taylor-swift-store,live,1,,,,sale,45,16,34,250,17,26,"Currently 16% off across 45 products in our 'sale' collection — if this SKU is in that collection, the discount is already applied",2026-05-08
Teddy Fresh,teddy-fresh,live,1,,,,sale,6,50,6,49,50,50,"Currently 50% off across 6 products in our 'sale' collection — if this SKU is in that collection, the discount is already applied",2026-05-08
TeeFury,teefury,live,1,,,,sale,50,33,241,250,16,27,"Currently 33% off across 50 products in our 'sale' collection — if this SKU is in that collection, the discount is already applied",2026-05-08
The Brick,the-brick,live,1,Free local delivery when you purchase any mattress on your FlexitiCard,,,,,,171,250,23,70,"Currently 171 products on sale (68% of recent inventory) — average discount 23% off list, up to 70% off. If this SKU has compare_at_price set, the markdown is already applied.",2026-05-08
The Pi Hut,the-pi-hut,live,0,Raspberry Pi Kits Everything you need in one box to get started with Raspberry Pi Buy a Kit,,,,,,,,,,,2026-05-08
The Yetee,the-yetee,live,0,,,,,,,,,,,,2026-05-08
ThirdLove,thirdlove,live,1,,,,sale,50,45,63,250,42,77,"Currently 45% off across 50 products in our 'sale' collection — if this SKU is in that collection, the discount is already applied",2026-05-08
Timbuk2,timbuk2,live,2,Free Shipping on Orders $50+. Shop Now,50,,sale,1,14,1,147,14,14,"Free shipping on orders $50+ (current store policy) || Currently 14% off across 1 products in our 'sale' collection — if this SKU is in that collection, the discount is already applied",2026-05-08
U Turn Audio,u-turn-audio,live,1,Ethos Powered Speakers $499,,,,,,2,95,21,30,"Currently 2 products on sale (2% of recent inventory) — average discount 21% off list, up to 30% off. If this SKU has compare_at_price set, the markdown is already applied.",2026-05-08
UNIF,unif,live,2,Free Shipping,,,sale,50,34,175,250,21,48,"Free shipping (per current site banner: 'Free Shipping') || Currently 34% off across 50 products in our 'sale' collection — if this SKU is in that collection, the discount is already applied",2026-05-08
Uniqfind,uniqfind,live,0,,,,,,,,,,,,2026-05-08
Unique Vintage,unique-vintage,live,2,30% Off Floral with code FLORAL30 30% Off Floral with code FLORAL30 Extra 40% Off Sale with Code SALE40 Extra 40% Off Sale with Code SALE40,,,sale,50,44,60,250,30,76,"Currently 44% off across 50 products in our 'sale' collection — if this SKU is in that collection, the discount is already applied || Current site-wide promotion: ""30% Off Floral with code FLORAL30 30% Off Floral with code FLORAL30 Extra 40% Off Sale with Code SALE40 Extra 40% Off Sale with Code SALE40""",2026-05-08
United By Blue,united-by-blue,live,1,THE BRAND NEW (R)EVOLUTION DAILY CROSS-BODY. $40 FOR A LIMITED TIME,,,sale,1,50,26,250,40,56,"Currently 50% off across 1 products in our 'sale' collection — if this SKU is in that collection, the discount is already applied",2026-05-08
UNTUCKit,untuckit,live,2,30% Off Short-Sleeve Styles,,,sale,50,21,22,250,18,28,"Currently 21% off across 50 products in our 'sale' collection — if this SKU is in that collection, the discount is already applied || Current site-wide promotion: ""30% Off Short-Sleeve Styles""",2026-05-08
Valfre,valfre,live,1,,,,,,,84,149,19,50,"Currently 84 products on sale (56% of recent inventory) — average discount 19% off list, up to 50% off. If this SKU has compare_at_price set, the markdown is already applied.",2026-05-08
Vanity Planet,vanity-planet,live,2,20% OFF,,,clearance,7,56,8,42,31,71,"Currently 56% off across 7 products in our 'clearance' collection — if this SKU is in that collection, the discount is already applied || Current site-wide promotion: ""20% OFF""",2026-05-08
Vapor Authority,vapor-authority,live,2,10% Off Your Order When You Sign Up For Our News,,,sale,22,36,80,250,28,87,"Currently 36% off across 22 products in our 'sale' collection — if this SKU is in that collection, the discount is already applied || Current site-wide promotion: ""10% Off Your Order When You Sign Up For Our News""",2026-05-08
Vapoureyes,vapoureyes,live,1,,,,,,,168,250,26,81,"Currently 168 products on sale (67% of recent inventory) — average discount 26% off list, up to 81% off. If this SKU has compare_at_price set, the markdown is already applied.",2026-05-08
Velasca,velasca,live,1,:root{--desktop-promotional-banner-height:41px;--mobile-promotional-banner-height:41px},,,outlet,50,40,141,250,41,50,"Currently 40% off across 50 products in our 'outlet' collection — if this SKU is in that collection, the discount is already applied",2026-05-08
Velvet Caviar,velvet-caviar,live,1,,,,promo,50,40,60,250,31,32,"Currently 40% off across 50 products in our 'promo' collection — if this SKU is in that collection, the discount is already applied",2026-05-08
VICI,vici,live,2,Earn Up To $100 Reward Code 💰 Shop Gift Cards,,,all-sale,50,21,129,250,22,66,"Currently 21% off across 50 products in our 'all-sale' collection — if this SKU is in that collection, the discount is already applied || Current site-wide promotion: ""Earn Up To $100 Reward Code 💰 Shop Gift Cards""",2026-05-08
Victory Hangers,victory-hangers,live,0,,,,,,,,,,,,2026-05-08
Vincero Collective,vincero-collective,live,2,GET 20% OFF SITEWIDE WITH CODE SPRING20,,,last-call,50,42,57,250,27,53,"Currently 42% off across 50 products in our 'last-call' collection — if this SKU is in that collection, the discount is already applied || Current site-wide promotion: ""GET 20% OFF SITEWIDE WITH CODE SPRING20""",2026-05-08
Vitaly,vitaly,live,2,FREE SHIPPING ON ORDERS $ 85+ USD,85,,sale,50,40,65,249,38,50,"Free shipping on orders $85+ (current store policy) || Currently 40% off across 50 products in our 'sale' collection — if this SKU is in that collection, the discount is already applied",2026-05-08
VRS Design,vrs-design,live,1,,,,,,,81,214,31,59,"Currently 81 products on sale (38% of recent inventory) — average discount 31% off list, up to 59% off. If this SKU has compare_at_price set, the markdown is already applied.",2026-05-08
Waist Shaperz,waist-shaperz,live,2,WINTER SALE! 25% OFF EVERYTHING WITH CODE: SAVE25,,,sale,22,43,10,175,32,73,"Currently 43% off across 22 products in our 'sale' collection — if this SKU is in that collection, the discount is already applied || Current site-wide promotion: ""WINTER SALE! 25% OFF EVERYTHING WITH CODE: SAVE25""",2026-05-08
Wandrd,wandrd,live,2,"For a limited time only, we are offering FREE SHIPPING on orders over $149 if you live in the contiguous 48 states!",149,,sale,50,28,222,250,26,40,"Free shipping on orders $149+ (current store policy) || Currently 28% off across 50 products in our 'sale' collection — if this SKU is in that collection, the discount is already applied",2026-05-08
What Do You Meme,what-do-you-meme,live,0,,,,,,,,,,,,2026-05-08
Wicked Clothes,wicked-clothes,live,2,SAVE UP TO 50% OFF SITEWIDE,,,,,,88,250,8,50,"Currently 88 products on sale (35% of recent inventory) — average discount 8% off list, up to 50% off. If this SKU has compare_at_price set, the markdown is already applied. || Current site-wide promotion: ""SAVE UP TO 50% OFF SITEWIDE""",2026-05-08
Wigs,wigs,live,2,30% OFF SITEWIDE Auto-Applied | Excludes Clearance,,,,,,215,250,15,57,"Currently 215 products on sale (86% of recent inventory) — average discount 15% off list, up to 57% off. If this SKU has compare_at_price set, the markdown is already applied. || Current site-wide promotion: ""30% OFF SITEWIDE Auto-Applied | Excludes Clearance""",2026-05-08
Wildflower Cases,wildflower-cases,live,2,₊ ⊹ Free Shipping for orders over $50 ₊ ⊹,50,,sale,50,39,43,250,37,50,"Free shipping on orders $50+ (current store policy) || Currently 39% off across 50 products in our 'sale' collection — if this SKU is in that collection, the discount is already applied",2026-05-08
William Painter,william-painter,live,2,"All frames backed by our Lifetime Warranty · Free US shipping over $149 · Buy now, pay later with AfterPay ·",149,,,,,22,25,30,50,"Free shipping on orders $149+ (current store policy) || Currently 22 products on sale (88% of recent inventory) — average discount 30% off list, up to 50% off. If this SKU has compare_at_price set, the markdown is already applied.",2026-05-08
Wish Atlanta,wish-atlanta,live,2,:root { --announcement-height: 40px; } @media screen and (min-width: 576px) { :root { --announcement-height: 40px; } } FOOTWEAR & APPAREL MARKDOWNS | UP TO 70% OFF,,,mens-sale,50,45,5,250,50,67,"Currently 45% off across 50 products in our 'mens-sale' collection — if this SKU is in that collection, the discount is already applied || Current site-wide promotion: "":root { --announcement-height: 40px; } @media screen and (min-width: 576px) { :root { --announcement-height: 40px; } } FOOTWEAR & APPAREL MARKDOWNS | UP TO 70% OFF""",2026-05-08
Womens Best,womens-best,live,1,"Product of the day parseFloat(upsellPromo.selectedVariant.price)"" v-text=""moneyformat(parseFloat(upsellPromo.selectedVariant.compare_at_price))"">",,,,,,175,250,29,72,"Currently 175 products on sale (70% of recent inventory) — average discount 29% off list, up to 72% off. If this SKU has compare_at_price set, the markdown is already applied.",2026-05-08
WP Standard,wp-standard,live,0,,,,,,,,,,,,2026-05-08
WYO,wyo,live,1,Free Shipping to Every Corner of India,,,,,,,,,,Free shipping (per current site banner: 'Free Shipping to Every Corner of India'),2026-05-08
XGaming,xgaming,live,2,⚡SALE - 20% OFF Sitewide. Use code 'BTA20'⚡,,,,,,14,45,29,50,"Currently 14 products on sale (31% of recent inventory) — average discount 29% off list, up to 50% off. If this SKU has compare_at_price set, the markdown is already applied. || Current site-wide promotion: ""⚡SALE - 20% OFF Sitewide. Use code 'BTA20'⚡""",2026-05-08
Xhibition,xhibition,live,1,,,,sale,50,48,4,250,50,70,"Currently 48% off across 50 products in our 'sale' collection — if this SKU is in that collection, the discount is already applied",2026-05-08
Yes We Vibe,yes-we-vibe,live,1,,,,,,,248,250,16,71,"Currently 248 products on sale (99% of recent inventory) — average discount 16% off list, up to 71% off. If this SKU has compare_at_price set, the markdown is already applied.",2026-05-08
zen minded,zen-minded,live,0,,,,,,,,,,,,2026-05-08
Zippo USA,zippo-usa,live,1,Free shipping on orders over $80 (some exclusions apply),80,,,,,,,,,Free shipping on orders $80+ (current store policy),2026-05-08
Zoo Fashions,zoo-fashions,live,1,Authorised retailer since 1982. Free UK and Worldwide shipping*,,,,,,65,250,47,55,"Currently 65 products on sale (26% of recent inventory) — average discount 47% off list, up to 55% off. If this SKU has compare_at_price set, the markdown is already applied.",2026-05-08
Zorrata,zorrata,live,1,,,,,,,98,188,32,69,"Currently 98 products on sale (52% of recent inventory) — average discount 32% off list, up to 69% off. If this SKU has compare_at_price set, the markdown is already applied.",2026-05-08
