Rank,Brand,Domain,Slug,Status,Products,Levers,Offer Signals,Note
5,Skinnydip London,kinnydiplondon.com,skinnydip-london,blocked-no-products,0,0,,
7,The GLD Shop,egldshop.com,the-gld-shop,blocked-no-products,0,0,,
9,UNIF,unifclothing.com,unif,ok,450,2,banner|saleCol50|onSale175@21%,
17,Suga & Cotton,ugarandcotton.com,suga-cotton,blocked-no-products,0,0,,
20,Elemental Knives,elementalknives.com,elemental-knives,ok,70,1,onSale8@40%,
21,Triangl,riangl.com,triangl,blocked-no-products,0,0,,
22,Antsy Labs,antsylabs.com,antsy-labs,ok,62,2,banner|onSale29@15%,
24,Packershoes,ackershoes.com,packershoes,blocked-no-products,0,0,,
26,Muse-Themes,muse-themes.com,muse-themes,ok,354,0,,
28,Stampd,ampd.com,stampd,blocked-no-products,0,0,,
30,Bombshell Sportswear,bombshellsportswear.com,bombshell-sportswear,ok,1031,2,banner|ship>$150|saleCol50,
32,Shop Miss A,opmissa.com,shop-miss-a,blocked-no-products,0,0,,
37,Camera Ready Cosmetics,camerareadycosmetics.com,camera-ready-cosmetics,ok,2182,2,banner|ship>$500|onSale31@35%,
38,Foreverspin,foreverspin.com,foreverspin,ok,57,2,banner|onSale2@14%,
40,Black Rifle Coffee Company,blackriflecoffee.com,black-rifle-coffee-company,ok,347,1,banner|ship>$75,
41,La Garconne,lagarconne.com,la-garconne,ok,2500,2,banner|saleCol50,
42,Mahabis,mahabis.com,mahabis,ok,166,2,banner|onSale100@43%,
43,Tee Turtle,eeturtle.com,tee-turtle,blocked-no-products,0,0,,
44,BUYKUD,buykud.com,buykud,ok,2500,2,banner|saleCol38|onSale249@14%,
47,Mahiya Leather,mahiya.com.au,mahiya-leather,ok,126,2,banner|saleCol32|onSale118@57%,
48,Notre Shop,notre-shop.com,notre-shop,ok,1349,1,saleCol50|onSale15@29%,
51,Bodega,bdgastore.com,bodega,ok,2499,1,saleCol38|onSale4@28%,
59,Represent Clothing,representclothing.co.uk,represent-clothing,ok,1429,2,banner|onSale12@17%,
63,Ebarza,ebarza.com,ebarza,ok,2499,1,onSale28@36%,
66,The Music Zoo,emusiczoo.com,the-music-zoo,blocked-no-products,0,0,,
67,Vanity Planet,vanityplanet.com,vanity-planet,ok,42,2,banner|saleCol7|onSale8@31%,
68,Fear of God,fearofgod.com,fear-of-god,ok,941,0,,
70,SlideBelts,lidebelts.com,slidebelts,blocked-no-products,0,0,,
71,Only NY,onlyny.com,only-ny,ok,294,2,banner|ship>$200|saleCol50|onSale96@41%,
74,Sivana Spirit,ivanaspirit.com,sivana-spirit,blocked-no-products,0,0,,
75,Turntable Lab,urntablelab.com,turntable-lab,blocked-no-products,0,0,,
76,Survival Frog,urvivalfrog.com,survival-frog,blocked-no-products,0,0,,
77,Valfre,valfre.com,valfre,ok,149,1,onSale84@19%,
79,Juvia's Place,juviasplace.com,juvia-s-place,ok,180,2,banner|ship>$35|onSale24@42%,
83,Smoke Cartel,mokecartel.com,smoke-cartel,blocked-no-products,0,0,,
84,Export Leftovers,exportleftovers.com,export-leftovers,ok,2500,2,banner|saleCol50|onSale26@39%,
85,Out of the Sandbox,outofthesandbox.com,out-of-the-sandbox,ok,47,1,banner,
89,Secret Woods,mysecretwood.com,secret-woods,ok,135,1,saleCol16|onSale27@28%,
90,Dr.Dabber,drdabber.com,dr-dabber,ok,62,2,banner|ship>$150|saleCol6|onSale11@43%,
91,Grunt Style,gruntstyle.com,grunt-style,ok,859,2,banner|ship>$75|saleCol50|onSale38@31%,
92,Noise,gonoise.com,noise,ok,895,1,onSale181@51%,
93,Lovepop,lovepopcards.com,lovepop,ok,2500,2,banner|ship>$24|onSale15@8%,
97,Feature,featuresneakerboutique.com,feature,ok,2500,1,saleCol50,
98,Status Anxiety,atusanxiety.com.au,status-anxiety,blocked-no-products,0,0,,
101,Ban.do,bando.com,ban-do,ok,1660,2,banner|saleCol50|onSale85@16%,
102,Mansur Gavriel,mansurgavriel.com,mansur-gavriel,ok,258,1,saleCol5|onSale21@32%,
103,Tanotis,anotis.com,tanotis,blocked-no-products,0,0,,
104,Todd Snyder,oddsnyder.com,todd-snyder,blocked-no-products,0,0,,
105,VIDA,opvida.com,vida,blocked-no-products,0,0,,
108,Killstar,killstar.com,killstar,ok,1248,2,banner|onSale192@51%,
109,The Chivery,echivery.com,the-chivery,blocked-no-products,0,0,,
111,LIFX,lifx.com,lifx,ok,67,1,banner|ship>$59,
112,Peach and Lily,eachandlily.com,peach-and-lily,blocked-no-products,0,0,,
113,Hak5,akshop.com,hak5,blocked-no-products,0,0,,
114,BOOM by Cindy Joseph,boombycindyjoseph.com,boom-by-cindy-joseph,ok,52,1,onSale9@9%,
115,Shark Robot,arkrobot.com,shark-robot,blocked-no-products,0,0,,
116,Body Candy,bodycandy.com,body-candy,ok,2500,2,banner|saleCol50|onSale249@39%,
117,mrcnoir,mrcnoir.com,mrcnoir,ok,85,1,onSale9@37%,
118,Edens Garden,edensgarden.com,edens-garden,ok,695,2,banner|onSale23@16%,
119,G Pen,gpen.com,g-pen,ok,123,2,banner|ship>$75|onSale42@45%,
120,Wildflower Cases,wildflowercases.com,wildflower-cases,ok,452,2,banner|ship>$50|saleCol50|onSale43@37%,
121,Love Your Melon,loveyourmelon.com,love-your-melon,ok,26,1,banner|ship>$100,
123,Thursday Boots Company,ursdayboots.com,thursday-boots-company,blocked-no-products,0,0,,
124,John Elliott,johnelliott.co,john-elliott,ok,245,1,banner|saleCol1|onSale1@80%,
125,Johnny Shades,johnnyshades.com,johnny-shades,ok,108,2,banner|onSale47@46%,
127,JOLYN,jolynclothing.com,jolyn,ok,2312,1,onSale15@45%,
128,Gul Ahmed,gulahmedshop.com,gul-ahmed,ok,2500,1,saleCol50|onSale214@51%,
129,Flatspot,flatspot.com,flatspot,ok,2500,1,saleCol50,
131,SaberForge,aberforge.com,saberforge,blocked-no-products,0,0,,
133,Livestock,deadstock.ca,livestock,ok,963,1,saleCol50|onSale68@40%,
134,MMA Warehouse,mmawarehouse.com,mma-warehouse,ok,280,1,saleCol50|onSale128@10%,
138,Case-Mate,case-mate.com,case-mate,ok,1059,2,banner|onSale34@18%,
139,100 Percent Pure,100percentpure.com,100-percent-pure,ok,395,1,onSale107@39%,
140,Quay Australia,quayaustralia.com,quay-australia,ok,174,1,saleCol12|onSale20@48%,
143,Regal Rose,regalrose.co.uk,regal-rose,ok,1029,2,banner|saleCol43|onSale4@45%,
145,ZeroUV,opzerouv.com,zerouv,blocked-no-products,0,0,,
147,Alphalete,alphaleteathletics.com,alphalete,ok,1389,1,onSale138@67%,
148,Parachute Home,arachutehome.com,parachute-home,blocked-no-products,0,0,,
149,The Critical Slide Society,ecriticalslidesociety.com,the-critical-slide-society,blocked-no-products,0,0,,
150,Zorrata,zorrata.com,zorrata,ok,187,1,onSale98@32%,
151,Drop Dead,dropdead.co,drop-dead,ok,107,2,banner|ship>$200|saleCol35|onSale36@38%,
152,Flare Audio,flareaudio.com,flare-audio,ok,53,1,banner|onSale1@30%,
153,Glow Recipe,glowrecipe.com,glow-recipe,ok,124,1,banner|onSale21@24%,
154,eLiquid,eliquid.com,eliquid,ok,2497,1,banner|saleCol1|onSale1@31%,
155,PosterGully,ostergully.com,postergully,blocked-no-products,0,0,,
156,Chicago Music Exchange,chicagomusicexchange.com,chicago-music-exchange,ok,2500,2,banner|ship>$99|saleCol50|onSale8@16%,
157,Vincero Collective,vincerocollective.com,vincero-collective,ok,567,2,banner|saleCol50|onSale57@27%,
159,OBEY Clothing,obeyclothing.com,obey-clothing,ok,1038,1,saleCol50|onSale11@30%,
160,BestSelf Co,bestself.co,bestself-co,ok,151,1,saleCol7|onSale68@21%,
161,Boll & Branch,bollandbranch.com,boll-branch,ok,1439,2,banner|ship>$100|saleCol50|onSale4@15%,
162,Dip Your Car,dipyourcar.com,dip-your-car,ok,2500,2,banner|ship>$150|onSale1@10%,
163,Maramani,maramani.com,maramani,ok,462,0,,
165,Bluemercury,bluemercury.com,bluemercury,ok,2380,2,banner|saleCol36|onSale6@27%,
166,Topo Designs,opodesigns.com,topo-designs,blocked-no-products,0,0,,
167,Proozy,roozy.com,proozy,blocked-no-products,0,0,,
169,Atacado,atacado.com,atacado,ok,1496,1,onSale250@50%,
170,Meowingtons,meowingtons.com,meowingtons,ok,342,2,banner|saleCol9|onSale131@24%,
171,Renee Rouleau,reneerouleau.com,renee-rouleau,ok,84,2,banner|ship>$125|onSale8@31%,
172,Teradek,eradek.com,teradek,blocked-no-products,0,0,,
174,Sugarpill Cosmetics,ugarpill.com,sugarpill-cosmetics,blocked-no-products,0,0,,
175,Pop Chart Lab,opchartlab.com,pop-chart-lab,blocked-no-products,0,0,,
176,The Balm,ebalm.com,the-balm,blocked-no-products,0,0,,
177,CheapUndies,cheapundies.com,cheapundies,ok,2500,1,onSale158@77%,
180,INTO THE AM,intotheam.com,into-the-am,ok,295,2,banner|onSale146@37%,
182,Try The World,rytheworld.com,try-the-world,blocked-no-products,0,0,,
184,Tom Bihn,ombihn.com,tom-bihn,blocked-no-products,0,0,,
187,Waist Shaperz,waistshaperz.com,waist-shaperz,ok,175,2,banner|saleCol22|onSale10@32%,
189,Goatcase,goatcase.com,goatcase,ok,4,1,banner,
190,2Modern,2modern.com,2modern,ok,2499,1,banner|ship>$50,
191,RDKLU,rdklu.com,rdklu,ok,1817,2,banner|saleCol24|onSale229@33%,
194,Boutique 1861,1861.ca,boutique-1861,ok,2500,1,banner,
195,Afloral,afloral.com,afloral,ok,989,2,banner|onSale39@35%,
196,Zippo USA,zippo.com,zippo-usa,ok,1601,1,banner|ship>$80,
197,Fucking Awesome,fuckingawesomestore.com,fucking-awesome,ok,553,1,onSale11@47%,
201,Casa do Codigo,casadocodigo.com.br,casa-do-codigo,ok,268,1,onSale8@20%,
202,Petit Vour,etitvour.com,petit-vour,blocked-no-products,0,0,,
203,Putty World,uttyworld.com,putty-world,blocked-no-products,0,0,,
204,Next Deal Shop,nextdealshop.com,next-deal-shop,ok,1689,2,banner|onSale250@33%,
206,Luxy Hair,luxyhair.com,luxy-hair,ok,941,1,onSale93@22%,
207,80s Tees,80stees.com,80s-tees,ok,2499,0,,
208,Uniqfind,uniqfind.com,uniqfind,ok,2356,0,,
209,Vitaly,vitalydesign.com,vitaly,ok,247,2,banner|ship>$85|saleCol50|onSale65@38%,
210,FasciaBlaster,fasciablaster.com,fasciablaster,ok,175,1,onSale68@43%,
211,Rocketbook,getrocketbook.com,rocketbook,ok,50,2,banner|ship>$45|onSale1@20%,
212,The Man Company,emancompany.com,the-man-company,blocked-no-products,0,0,,
213,Pluto Trigger,lutotrigger.com,pluto-trigger,blocked-no-products,0,0,,
214,FCPXFree,fcpxfree.com,fcpxfree,blocked-no-products,0,0,,
215,Pop Your Pup,opyourpup.com,pop-your-pup,blocked-no-products,0,0,,
216,Angelus Direct,angelusdirect.com,angelus-direct,ok,814,1,onSale25@19%,
217,MyChoiceSoftware,mychoicesoftware.com,mychoicesoftware,ok,715,2,banner|saleCol4|onSale31@19%,
218,Tortuga,ortugabackpacks.com,tortuga,blocked-no-products,0,0,,
220,Peel,buypeel.com,peel,ok,298,1,onSale245@21%,
221,Nice Kicks,opnicekicks.com,nice-kicks,blocked-no-products,0,0,,
223,Source Vapes,ourcevapes.com,source-vapes,blocked-no-products,0,0,,
225,Deny Designs,denydesigns.com,deny-designs,ok,2500,1,banner,
226,Intelligent Change,intelligentchange.com,intelligent-change,ok,164,1,banner|saleCol35|onSale46@17%,
227,Emoji Island,emojiisland.com,emoji-island,ok,584,1,onSale1@65%,
230,BELLAMI Hair,bellamihair.com,bellami-hair,ok,1215,1,onSale3@20%,
232,Vapor Authority,vaporauthority.com,vapor-authority,ok,2499,2,banner|saleCol22|onSale80@28%,
233,Lila Nikole,lilanikole.com,lila-nikole,ok,192,1,saleCol10|onSale14@37%,
235,Harris Seeds,arrisseeds.com,harris-seeds,blocked-no-products,0,0,,
236,Nisolo,nisolo.com,nisolo,ok,201,2,banner|saleCol50|onSale130@47%,
237,Classic Shaving,classicshaving.com,classic-shaving,ok,904,2,banner|saleCol7|onSale87@40%,
239,Yes We Vibe,yeswevibe.com,yes-we-vibe,ok,2422,1,onSale248@16%,
240,Noah,noahny.com,noah,ok,689,2,banner|onSale83@38%,
241,Mike Amiri,mikeamiri.com,mike-amiri,ok,1004,0,banner,
242,BuyMobile Australia,buymobile.com.au,buymobile-australia,ok,1637,1,onSale1@9%,
243,HICKIES,ickies.com,hickies,blocked-no-products,0,0,,
244,Arda Wigs,arda-wigs.com,arda-wigs,ok,230,1,onSale102@27%,
246,OFRA Cosmetic,ofracosmetics.com,ofra-cosmetic,ok,993,2,banner|ship>$50|saleCol7|onSale1@25%,
247,SMETS,mets.lu,smets,blocked-no-products,0,0,,
248,Maker Shed,makershed.com,maker-shed,ok,900,2,banner|onSale49@22%,
249,Nialaya Jewelry,nialaya.com,nialaya-jewelry,ok,669,2,banner|ship>$199|saleCol28|onSale53@31%,
250,Bon Organik,bonorganik.in,bon-organik,ok,2500,1,onSale38@67%,
251,Lord Timepieces,lordtimepieces.com,lord-timepieces,ok,104,1,banner|saleCol45|onSale102@29%,
252,Such Price,uchprice.hk,such-price,blocked-no-products,0,0,,
253,Tweed,weed.com,tweed,blocked-no-products,0,0,,
255,What Do You Meme,whatdoyoumeme.com,what-do-you-meme,ok,214,0,,
256,Kidrobot,kidrobot.com,kidrobot,ok,1193,1,banner|ship>$75,
257,Crane and Canopy,craneandcanopy.com,crane-and-canopy,ok,2168,0,,
259,kokopiecoco,kokopiecoco.com,kokopiecoco,ok,42,1,onSale32@51%,
260,Butik Bira,butikbira.com,butik-bira,ok,383,1,onSale10@23%,
262,Potato Parcel,otatoparcel.com,potato-parcel,blocked-no-products,0,0,,
263,Poo Pourri,oopourri.com,poo-pourri,blocked-no-products,0,0,,
264,Seiya Japan,eiyajapan.com,seiya-japan,blocked-no-products,0,0,,
265,Lumee,lumee.com,lumee,ok,1058,2,banner|onSale33@18%,
267,Good American,goodamerican.com,good-american,ok,886,1,saleCol50|onSale74@34%,
268,Shirtwascash,atshirtwascash.com,shirtwascash,blocked-no-products,0,0,,
269,Self Reliance Outfitters,elfrelianceoutfitters.com,self-reliance-outfitters,blocked-no-products,0,0,,
270,Art Naturals,artnaturals.com,art-naturals,ok,96,1,onSale1@15%,
271,Thickassglass,ickassglass.com,thickassglass,blocked-no-products,0,0,,
272,Jerry of the Day,jerryoftheday.net,jerry-of-the-day,ok,169,2,banner|saleCol50|onSale82@46%,
274,Key Smart,getkeysmart.com,key-smart,ok,91,1,saleCol50|onSale74@20%,
275,SVS,vsound.com,svs,blocked-no-products,0,0,,
276,Harney and Sons,arney.com,harney-and-sons,blocked-no-products,0,0,,
278,Hardgraft,ardgraft.com,hardgraft,blocked-no-products,0,0,,
281,47 Brand,47brand.com,47-brand,ok,2496,2,banner|saleCol50|onSale4@45%,
282,Board Game Bliss,boardgamebliss.com,board-game-bliss,ok,2468,2,banner|onSale36@13%,
284,Pure Cycles,urecycles.com,pure-cycles,blocked-no-products,0,0,,
285,Sole Supremacy,olesupremacy.com,sole-supremacy,blocked-no-products,0,0,,
288,Stirling Sports,irlingsports.co.nz,stirling-sports,blocked-no-products,0,0,,
290,PITAKA,ipitaka.com,pitaka,ok,52,1,onSale9@50%,
291,How To Cake It,owtocakeit.com,how-to-cake-it,blocked-no-products,0,0,,
292,LA Girl Cosmetics,lagirlusa.com,la-girl-cosmetics,ok,191,1,banner|ship>$35,
294,Pixie Faire,ixiefaire.com,pixie-faire,blocked-no-products,0,0,,
295,Dagne Dover,dagnedover.com,dagne-dover,ok,909,1,saleCol37|onSale9@32%,
297,Waterfield Designs,fbags.com,waterfield-designs,blocked-no-products,0,0,,
298,The Business Fashion,ebusinessfashion.co.uk,the-business-fashion,blocked-no-products,0,0,,
299,Sand Cloud,andcloudtowels.com,sand-cloud,blocked-no-products,0,0,,
300,iHeartRaves,iheartraves.com,iheartraves,ok,789,2,banner|onSale144@36%,
302,La Colombe Coffee,lacolombe.com,la-colombe-coffee,ok,56,2,banner|saleCol15|onSale1@18%,
303,Budovideos,budovideos.com,budovideos,ok,2500,1,onSale69@34%,
304,Anson Belt,ansonbelt.com,anson-belt,ok,472,1,onSale37@34%,
305,Mission Workshop,missionworkshop.com,mission-workshop,ok,154,1,onSale28@19%,
307,Beauty Bakerie,beautybakerie.com,beauty-bakerie,ok,95,2,banner|saleCol25|onSale14@34%,
308,420 Science,420science.com,420-science,ok,795,2,banner|ship>$50|saleCol50|onSale27@25%,
310,Spiritual Gangster,iritualgangster.com,spiritual-gangster,blocked-no-products,0,0,,
311,Better Chinese,betterchinese.com,better-chinese,ok,209,1,onSale80@25%,
312,Pai Skincare,aiskincare.com,pai-skincare,blocked-no-products,0,0,,
313,HyperShop,ypershop.com,hypershop,blocked-no-products,0,0,,
314,3DM Lifestyle,3dmlifestyle.com,3dm-lifestyle,ok,119,0,,
316,Spectrum Collections,ectrumcollections.com,spectrum-collections,blocked-no-products,0,0,,
317,Elwood Clothing,elwoodclothing.com,elwood-clothing,ok,177,2,banner|onSale15@15%,
318,The Horse,ehorse.com.au,the-horse,blocked-no-products,0,0,,
319,RAGS,ragstoraches.com,rags,ok,209,1,onSale87@42%,
320,Incu,incu.com,incu,ok,2500,2,banner|ship>$350|saleCol50,
321,Klean Kanteen,kleankanteen.com,klean-kanteen,ok,127,1,saleCol9|onSale22@32%,
322,Homage,omage.com,homage,blocked-no-products,0,0,,
325,Showcase,opatshowcasecanada.com,showcase,blocked-no-products,0,0,,
327,Solestop,olestop.com,solestop,blocked-no-products,0,0,,
328,eJuices Co,ejuices.co,ejuices-co,ok,2434,1,banner,
329,Emily McDowell,emilymcdowell.com,emily-mcdowell,ok,230,1,banner,
330,Click and Grow,clickandgrow.com,click-and-grow,ok,159,1,banner,
332,Womens Best,womensbest.com,womens-best,ok,791,1,banner|onSale175@29%,
333,Grey Haze,greyhaze.co.uk,grey-haze,ok,2312,1,onSale103@29%,
334,Affliction,afflictionclothing.com,affliction,ok,1411,1,saleCol9,
335,Best Choice Products,bestchoiceproducts.com,best-choice-products,ok,679,2,banner|saleCol50|onSale250@45%,
336,Sukkhi,ukkhi.com,sukkhi,blocked-no-products,0,0,,
337,Dose of Colors,doseofcolors.com,dose-of-colors,ok,50,2,banner|ship>$70|saleCol34|onSale17@40%,
338,VRS Design,vrsdesign.com,vrs-design,ok,214,1,onSale81@31%,
340,Velasca,velasca.com,velasca,ok,1627,1,banner|saleCol50|onSale141@41%,
341,Jura Watches,jurawatches.co.uk,jura-watches,ok,2476,1,banner|onSale1@93%,
342,Asmaraku,asmaraku.com,asmaraku,ok,2459,1,saleCol50|onSale73@19%,
343,Sondors,ondors.com,sondors,blocked-no-products,0,0,,
344,Cellucor,cellucor.com,cellucor,ok,103,1,onSale5@25%,
345,MMA Silver,mmasilver.com,mma-silver,ok,2492,2,banner|saleCol50,
346,Newbury Comics,newburycomics.com,newbury-comics,ok,2500,1,banner|ship>$100,
347,Jouer Cosmetics,jouercosmetics.com,jouer-cosmetics,ok,109,2,banner|saleCol50|onSale29@46%,
348,XGaming,xgaming.com,xgaming,ok,45,2,banner|onSale14@29%,
349,Social Status,ocialstatuspgh.com,social-status,blocked-no-products,0,0,,
350,Wigs,wigs.com,wigs,ok,2440,2,banner|onSale215@15%,
351,Concepts,cncpts.com,concepts,ok,1622,1,saleCol50|onSale24@41%,
352,Evannex,evannex.com,evannex,ok,2246,2,banner|ship>$100|saleCol50|onSale43@17%,
353,CAME-TV,came-tv.com,came-tv,ok,478,1,onSale231@33%,
354,The Original ScrapBox,eoriginalscrapbox.com,the-original-scrapbox,blocked-no-products,0,0,,
355,Retro Supply Co,retrosupply.co,retro-supply-co,ok,410,1,onSale6@28%,
356,CraftOnline,craftonline.com.au,craftonline,ok,2474,1,banner|saleCol50|onSale32@17%,
358,BrandsEgo,brandsego.com,brandsego,ok,1104,2,banner|saleCol50|onSale216@56%,
361,Purpose Tour Merch,urposetourmerch.com,purpose-tour-merch,blocked-no-products,0,0,,
362,WYO,wyo.in,wyo,ok,417,1,banner,
364,Health Ranger Store,ealthrangerstore.com,health-ranger-store,blocked-no-products,0,0,,
365,Wandrd,wandrd.com,wandrd,ok,308,2,banner|ship>$149|saleCol50|onSale222@26%,
367,24Hundred,24hundred.net,24hundred,ok,854,1,saleCol20|onSale11@43%,
368,Fayettechill,fayettechill.com,fayettechill,ok,212,1,saleCol50|onSale87@61%,
369,Ghospell,ghospell.com,ghospell,ok,115,1,banner|saleCol45|onSale45@37%,
370,Vapoureyes,vapoureyes.com.au,vapoureyes,ok,2500,1,onSale168@26%,
371,Re/Done,opredone.com,re-done,blocked-no-products,0,0,,
372,Simba Sleep,imbasleep.com,simba-sleep,blocked-no-products,0,0,,
373,Extra Butter,extrabutterny.com,extra-butter,ok,2500,1,banner|saleCol50|onSale2@50%,
375,Kingpin cooling,kingpincooling.com,kingpin-cooling,ok,4,0,,
376,Aurum Brothers,aurumbrothers.com,aurum-brothers,ok,512,1,onSale18@14%,
378,Luminous Eshop,luminouseshop.com,luminous-eshop,ok,55,2,banner|onSale51@40%,
380,The Magnolia Park,emagpark.com,the-magnolia-park,blocked-no-products,0,0,,
381,Darn Good Yarn,darngoodyarn.com,darn-good-yarn,ok,1045,1,banner|onSale36@45%,
382,Wicked Clothes,wickedclothes.com,wicked-clothes,ok,282,2,banner|onSale88@8%,
383,Pixi Beauty,ixibeauty.com,pixi-beauty,blocked-no-products,0,0,,
384,Kaged Muscle,kagedmuscle.com,kaged-muscle,ok,61,1,onSale6@25%,
385,FYF,fyf.io,fyf,ok,1,0,,
386,Qwerkywriter,qwerkywriter.com,qwerkywriter,ok,32,2,banner|ship>$200|onSale17@23%,
388,Myles Apparel,mylesapparel.com,myles-apparel,ok,116,1,saleCol25|onSale25@48%,
389,Velvet Caviar,velvetcaviar.com,velvet-caviar,ok,2496,1,saleCol50|onSale60@31%,
391,Deering Banjos,deeringbanjos.com,deering-banjos,ok,517,1,onSale73@18%,
392,HealthmateForever,ealthmateforever.com,healthmateforever,blocked-no-products,0,0,,
393,Natural Stacks,naturalstacks.com,natural-stacks,ok,57,2,banner|saleCol9|onSale50@20%,
395,U Turn Audio,uturnaudio.com,u-turn-audio,ok,95,1,banner|onSale2@21%,
396,Sin in Linen,ininlinen.com,sin-in-linen,blocked-no-products,0,0,,
397,Johnny Cupcakes,johnnycupcakes.com,johnny-cupcakes,ok,1276,0,,
398,Kikkerland,kikkerland.com,kikkerland,ok,1119,0,,
399,Instant Adcopy,instantadcopy.com,instant-adcopy,ok,116,1,onSale15@45%,
400,zen minded,zenminded.uk,zen-minded,ok,1267,0,,
401,Battle Beaver,battlebeavercustoms.com,battle-beaver,ok,374,1,onSale136@12%,
402,Rad Power Bikes,radpowerbikes.com,rad-power-bikes,ok,155,1,onSale18@19%,
403,2020AVE,2020ave.com,2020ave,ok,1346,2,banner|ship>$99|onSale3@19%,
404,Out of Print,outofprintclothing.com,out-of-print,ok,1376,2,banner|saleCol50|onSale4@38%,
407,OnlinePrasad,onlineprasad.com,onlineprasad,ok,757,2,banner|onSale64@49%,
408,Hello Merch,ellomerch.com,hello-merch,blocked-no-products,0,0,,
409,Alpha Accessories,alphaaccessories.co,alpha-accessories,ok,265,1,banner,
410,Xhibition,xhibition.co,xhibition,ok,854,1,saleCol50|onSale4@50%,
411,SpiritHoods,irithoods.com,spirithoods,blocked-no-products,0,0,,
412,Q-See,q-see.com,q-see,ok,13,2,banner|onSale9@18%,
414,Tiny Whoop,inywhoop.com,tiny-whoop,blocked-no-products,0,0,,
416,MyIntent,myintent.org,myintent,ok,69,1,banner|ship>$50,
420,BASEQI,baseqi.com,baseqi,ok,40,1,onSale16@31%,
421,The Citizenry,e-citizenry.com,the-citizenry,blocked-no-products,0,0,,
422,Joyrich,joyrich.com,joyrich,ok,25,0,,
423,Stag Provisions,agprovisions.com,stag-provisions,blocked-no-products,0,0,,
424,Kulani Kinis,kulanikinis.com.au,kulani-kinis,ok,941,2,banner|ship>$100|saleCol50|onSale2@40%,
425,SeeMeCNC,eemecnc.com,seemecnc,blocked-no-products,0,0,,
427,Despair,despair.com,despair,ok,297,1,onSale6@30%,
428,Kookai,kookai.com.au,kookai,ok,1201,2,banner|ship>$100|saleCol50|onSale1@50%,
429,Bluebella,bluebella.com,bluebella,ok,982,2,banner|ship>$60|saleCol50|onSale26@50%,
430,Rothys,rothys.com,rothys,ok,647,2,banner|onSale20@23%,
432,United By Blue,unitedbyblue.com,united-by-blue,ok,853,1,banner|saleCol1|onSale26@40%,
434,MantraBand,mantraband.com,mantraband,ok,243,1,saleCol50|onSale89@36%,
435,DDP Yoga,ddpyoga.com,ddp-yoga,ok,196,1,saleCol6|onSale13@31%,
436,Skiis and Biikes,kiisandbiikes.com,skiis-and-biikes,blocked-no-products,0,0,,
437,The Happiness Planner,ehappinessplanner.com,the-happiness-planner,blocked-no-products,0,0,,
439,JLab,jlabaudio.com,jlab,ok,339,1,saleCol50|onSale20@23%,
440,BoardGameGeek Store,boardgamegeekstore.com,boardgamegeek-store,ok,1147,2,banner|saleCol50|onSale5@58%,
441,BlackboxMyCar,blackboxmycar.com,blackboxmycar,ok,115,2,banner|onSale77@20%,
442,Blackstone Labs,blackstonelabs.com,blackstone-labs,ok,78,1,onSale41@16%,
443,Miracle Noodle,miraclenoodle.com,miracle-noodle,ok,51,1,banner,
444,SeedsNow,eedsnow.com,seedsnow,blocked-no-products,0,0,,
445,Frankies Bikinis,frankiesbikinis.com,frankies-bikinis,ok,2499,1,banner|saleCol50,
446,FUCKTHEPOPULATION,fuckthepopulation.com,fuckthepopulation,ok,161,0,,
447,gc2b,gc2b.co,gc2b,ok,103,1,banner|saleCol31|onSale33@15%,
450,Teecoon Shop,eecoonshop.com,teecoon-shop,blocked-no-products,0,0,,
451,CoreMelt,coremelt.com,coremelt,ok,448,1,onSale207@34%,
453,Blender Bottle,blenderbottle.com,blender-bottle,ok,59,1,saleCol6|onSale5@17%,
454,G59 Records,g59recordsmerchandise.com,g59-records,ok,50,1,banner,
455,Proofreading Services,roofreadingservices.com,proofreading-services,blocked-no-products,0,0,,
456,Arctic Fox,arcticfoxhaircolor.com,arctic-fox,ok,98,2,banner|ship>$45|saleCol1|onSale2@15%,
457,NoHow,nohowstyle.com,nohow,ok,1143,1,saleCol50|onSale91@28%,
459,Mighty Mug,emightymug.com,mighty-mug,blocked-no-products,0,0,,
460,Treehut,reehut.co,treehut,blocked-no-products,0,0,,
462,Wish Atlanta,wishatl.com,wish-atlanta,ok,1694,2,banner|saleCol50|onSale5@50%,
463,Brands Popper,brandspopper.com,brands-popper,ok,319,2,banner|saleCol50|onSale249@51%,
464,Heart Rate Monitors,eartratemonitorsusa.com,heart-rate-monitors,blocked-no-products,0,0,,
466,LSPACE,lspace.com,lspace,ok,799,1,banner|ship>$200,
467,FCPEffects,fcpeffects.com,fcpeffects,ok,83,1,banner,
468,Nest Bedding,nestbedding.com,nest-bedding,ok,295,2,banner|saleCol4|onSale2@15%,
469,Day Designer,daydesigner.com,day-designer,ok,118,2,banner|saleCol30|onSale33@64%,
470,Bianca Chandon,biancachandon.com,bianca-chandon,ok,88,0,,
471,Essence Makeup,essencemakeup.com,essence-makeup,ok,200,1,saleCol22|onSale26@38%,
472,BaboCush,babocush.com,babocush,ok,5,0,,
473,Carbon Coco,carboncoco.com,carbon-coco,ok,12,2,banner|onSale12@69%,
474,Herbivore Botanicals,erbivorebotanicals.com,herbivore-botanicals,blocked-no-products,0,0,,
475,BaronFig,baronfig.com,baronfig,ok,45,1,onSale2@43%,
476,Tactical Distributors,acticaldistributors.com,tactical-distributors,blocked-no-products,0,0,,
477,Iron and Resin,ironandresin.com,iron-and-resin,ok,2499,2,banner|onSale74@45%,
478,BluMaan,blumaan.com,blumaan,ok,22,2,banner|ship>$50|onSale12@13%,
479,Hypland,ypland.com,hypland,blocked-no-products,0,0,,
481,Radha Beauty,radhabeauty.com,radha-beauty,ok,45,1,onSale9@21%,
